{"current_version": 4, "v1": [{"user_name": "NSKC7", "user_id": "29sgp24f1uorbc6vq8d2k", "score": 191}, {"user_name": "Doge786", "user_id": "29rf0j9ksurlx1zybi2gm", "score": 58}, {"user_name": "FitArtist334071", "user_id": "2bojjyjkmhegoqt73au7m", "score": 53}, {"user_name": "Trap11190", "user_id": "29rhk9gdy7iiza0k3tttk", "score": 45}, {"user_name": "Mystery8281", "user_id": "29st9jdcbxxotp0t9d8en", "score": 36}, {"user_name": "BWLBuck", "user_id": "2a16lrhk70q0s94hkbdwz", "score": 36}, {"user_name": "Ryzx", "user_id": "29qv44zsn1bl7muilse95", "score": 34}, {"user_name": "PeeRooo", "user_id": "29mo8es458607q0r7uy2z", "score": 33}, {"user_name": "CoblerB1", "user_id": "29srqtwaq08zzhp3kng3u", "score": 31}, {"user_name": "littlebeastM8", "user_id": "29mu59yo9pbgwqloqhthe", "score": 21}], "v2": [{"user_name": "dotindex", "user_id": "29sgp24f1uorbc6vq8d2k", "score": 95}, {"user_name": "FitArtist334071", "user_id": "2bojjyjkmhegoqt73au7m", "score": 82}, {"user_name": "QT_synth", "user_id": "29wqa67tov5nq1kmxsr2l", "score": 38}, {"user_name": "Poggggg", "user_id": "29wvwcyosrr43a72at6m5", "score": 27}, {"user_name": "ThomasM10", "user_id": "2bjz8nebkbbt9ima3sn9x", "score": 25}, {"user_name": "iamaverag8", "user_id": "2a8031alixx3u6tyu2a7k", "score": 22}, {"user_name": "levi8020", "user_id": "29zwujsnjq6iu1jqa4keo", "score": 18}, {"user_name": "yO0hooVr", "user_id": "2ap647di3dc1k42jf4o2o", "score": 17}, {"user_name": "kudcom", "user_id": "29l4bgqjgc3prrst0udbe", "score": 15}, {"user_name": "littlebeastM8", "user_id": "29mu59yo9pbgwqloqhthe", "score": 15}], "v3": [{"user_name": "dotindex", "user_id": "29sgp24f1uorbc6vq8d2k", "score": 98}, {"user_name": "Thezra325", "user_id": "2czbtyaqtbjo89sut7jqd", "score": 95}, {"user_name": "Poggggg", "user_id": "29wvwcyosrr43a72at6m5", "score": 94}, {"user_name": "FitArtist334071", "user_id": "2bojjyjkmhegoqt73au7m", "score": 86}, {"user_name": "Mr.Madlord", "user_id": "29w20l59y1m2zkzhkojnu", "score": 57}, {"user_name": "YelloducVR", "user_id": "2a6ekr378kiwrrodjri7e", "score": 53}, {"user_name": "Pack_VR", "user_id": "2b2plkhwfthpvqrtq90em", "score": 49}, {"user_name": "iamaverag8", "user_id": "2a8031alixx3u6tyu2a7k", "score": 44}, {"user_name": "13OliviA", "user_id": "29xc83sott7wc21mlni58", "score": 44}, {"user_name": "xani13", "user_id": "29qyifkrtj57y85tpv5i5", "score": 33}], "v4": [{"user_id": "2czbtyaqtbjo89sut7jqd", "score": 43.0, "user_name": "Thezra325"}, {"user_id": "2c8c2dxbutxt7bi26xwwf", "score": 13, "user_name": "V1de0"}, {"user_id": "29st9jdcbxxotp0t9d8en", "score": 13, "user_name": "Navilain"}, {"user_id": "29ezo6a90tadi40tflojy", "score": 10, "user_name": "fargoshark"}, {"user_id": "2awuwy1vfa7jyv67tyeli", "score": 9, "user_name": "Haspoop"}, {"user_id": "29gxtryykgnblu5xvdip8", "score": 8, "user_name": "Duckdabro"}, {"user_id": "2c9uw1hmr8t6d32l50qha", "score": 8, "user_name": "GVPikachu"}, {"user_id": "2cpa9h9ptjsorrhqkdf98", "score": 7, "user_name": "flightpro"}, {"user_id": "2cpxurzwvw294smzl1100", "score": 7, "user_name": "Mr.PaintVR"}, {"user_id": "2b2blw9h5ie7l6qe19wcd", "score": 7, "user_name": "Notsuns"}, {"user_id": "2cwab5siv2pue7g85ho7w", "score": 6, "user_name": "Floydson_VR"}, {"user_id": "2cx9j0yuoxu1ss34h2cyx", "score": 4, "user_name": "bagelllvr"}, {"user_id": "29gmek2pnwqqx27g565hs", "score": 4, "user_name": "Stand.i"}, {"user_id": "2cj4z99vtw60g1k3bptfh", "score": 4, "user_name": "M0rNIngStARZz"}, {"user_id": "29wvwcyosrr43a72at6m5", "score": 3, "user_name": "Poggggg"}, {"user_id": "29w8gsv3mk84h6d7mqerm", "score": 3, "user_name": "SDoglikestea"}, {"user_id": "2c0kzf01oet458kmffwf1", "score": 3, "user_name": "Envixityt"}, {"user_id": "2bf5tjn2m3gdimm22z7w0", "score": 3, "user_name": "sillyboy69420"}, {"user_id": "2cf3ofgevt9memg2qkq96", "score": 3, "user_name": "linds.c.mclain"}, {"user_id": "2ay41la31at25u1n5a86s", "score": 3, "user_name": "Masalexham2"}, {"user_id": "29tzfm98b4kv8a4nq1zgj", "score": 3, "user_name": "breeztreez"}, {"user_id": "2copske8tk4jq4lccftg6", "score": 3, "user_name": "cheesestick_vr743"}, {"user_id": "2cft3y5vpwwbjj3m1zu7r", "score": 3, "user_name": "Watuprainb0w"}, {"user_id": "29wytcje12nmxfatcofke", "score": 3, "user_name": "BurningAlpaca"}, {"user_id": "29mk90fu1p7clzyk93ixo", "score": 3, "user_name": "Lintus"}, {"user_id": "2chr39p0bdzfbxzatpcp4", "score": 3, "user_name": "DOTfindex"}, {"user_id": "2c1nfiz2gizmw3lfiijxz", "score": 3, "user_name": "sean.webb.18"}, {"user_id": "2d66mth5wvlcg1hdm95vj", "score": 3, "user_name": "Elibobowawo"}, {"user_id": "2adovour26vo00yaxq9qy", "score": 3, "user_name": "JackieFishi"}, {"user_id": "2a16lrhk70q0s94hkbdwz", "score": 3, "user_name": "BWLBuck"}, {"user_id": "29xc83sott7wc21mlni58", "score": 3, "user_name": "13OliviA"}, {"user_id": "2b3ch253lc5zsmpotdpzd", "score": 2, "user_name": "Voidy_BITS"}, {"user_id": "2bduwhmi45nnyo6xgxdpw", "score": 2, "user_name": "Tigo_2011"}, {"user_id": "29tniydn0krgh7zccfo31", "score": 2, "user_name": "bery__0"}, {"user_id": "29prp534vnw8llkf0v0qm", "score": 2, "user_name": "ForevrGrab"}, {"user_id": "2c608vdmlz13bugbbk2l1", "score": 2, "user_name": "Zoldapro"}, {"user_id": "2c8189pfebzukqf6z3s8f", "score": 2, "user_name": "fireworkexplode"}, {"user_id": "2bf9uxtht0728l4qpf1m1", "score": 2, "user_name": "ThATGuYOKsOiTs_kInDaLOnG"}, {"user_id": "2d0q9g52rhd4c8hsjasta", "score": 2, "user_name": "ok.hi.669981"}, {"user_id": "29y5xtwiv6shb636vdb9c", "score": 2, "user_name": "SuperMeow10"}, {"user_id": "2bspefbp9w6sz1bqdzrgk", "score": 2, "user_name": "Lhset"}, {"user_id": "2ch2wydfrul2yzvtxj6g3", "score": 2, "user_name": "cjxbrandon"}, {"user_id": "2c3e7qvhr1ztznwwid8f1", "score": 2, "user_name": "crispyeggs.2022"}, {"user_id": "2abebn7t4lq4ydl89oxje", "score": 2, "user_name": "FruitByTheFist"}, {"user_id": "29og84vejld8xtoec26tn", "score": 2, "user_name": "Filip.Salamaj"}, {"user_id": "2b9yu7meupyl397ba77qs", "score": 2, "user_name": "Finel"}, {"user_id": "2b70e1hetxh36fnvbv7zf", "score": 1, "user_name": "MacHarry"}, {"user_id": "2cmv39r1z7zf9bhp1k7lp", "score": 1, "user_name": "segermancrew"}, {"user_id": "2btfs6ccolp29i3xm1a6u", "score": 1, "user_name": "Doughnutlord7733"}, {"user_id": "2d6eatrr1ru3vqkduzuvc", "score": 1, "user_name": "juicygt"}, {"user_id": "2dnn71y22lyaymzwc16jt", "score": 1, "user_name": "Greanut"}, {"user_id": "2d1ofm72864fy0iar5n3r", "score": 1, "user_name": "Vortex158"}, {"user_id": "2a0vlvqwxxjj77ap7s89p", "score": 1, "user_name": "D_chuck.D"}, {"user_id": "2d8nj829z9i9ios64xw31", "score": 1, "user_name": "Pnut_the_great"}, {"user_id": "2ao6urm519y3ttg54n20m", "score": 1, "user_name": "YLLF"}, {"user_id": "2c7jopl7cuzlwcj21vf55", "score": 1, "user_name": "kpaz1975"}, {"user_id": "2b4gkoswdg1dd2j321f71", "score": 1, "user_name": "Franky_fred"}, {"user_id": "29znojzmjwj5h2qlj8inb", "score": 1, "user_name": "Lukechungus"}, {"user_id": "29ffxg2ijqxyrgxyy2vjj", "score": 1, "user_name": "FROSTY_CROSS"}, {"user_id": "2c6pd8b8m94ew3i2z2ogw", "score": 1, "user_name": "1ForkVR1"}, {"user_id": "2aa0lcnuwvv06gw64jl5l", "score": 1, "user_name": "JBK777JBK2.0"}, {"user_id": "2b73bdanhzp2gmr41m283", "score": 0, "user_name": "TronisRobot"}]}