{"daily": {"identifier": "2baxwxt6289kp0o45jkxk:1726092956", "title": "RUSTY ROCKWAY", "complexity": 2991, "update_timestamp": 1726195612371, "creation_timestamp": 1726195612371, "creators": ["iceyboxes", "matte5683", "raxio.headyt"], "tags": ["ok"], "images": {"thumb": {"key": "level_2baxwxt6289kp0o45jkxk_1726092956_1_thumb.png"}}, "statistics": {"total_played": 0, "difficulty": 1, "liked": 0, "time": 100}, "change": 0}, "weekly": {"identifier": "2a12zdyrs89l4pxf8gfoj:1668141018", "title": "Attack on Cube-Bird!", "complexity": 890, "update_timestamp": 1668229559217, "creation_timestamp": 1668229559217, "creators": ["oculusbest53", "ChooChooiscCool"], "tags": ["ok"], "statistics": {"total_played": 400, "difficulty": 0.056, "liked": 0.9285714285714286, "time": 153.75916666666666, "difficulty_string": "hard"}, "change": 0}, "unbeaten": {"identifier": "2czbtyaqtbjo89sut7jqd:1713407280", "title": "FitArtist NEVER CLEAR", "complexity": 2788, "update_timestamp": 1715202625501, "creation_timestamp": 1715202625501, "creators": ["Thezra"], "tags": ["ok"], "statistics": {"total_played": 12100, "difficulty": 0, "difficulty_string": "impossible", "liked": 0, "time": 100}, "images": {"thumb": {"key": "level_2czbtyaqtbjo89sut7jqd_1713407280_1_thumb.png"}}, "change": 0}}