{"unrated": {}, "easy": {"29xc83sott7wc21mlni58": {"maps": 702, "user_name": "13OliviA"}, "29sgp24f1uorbc6vq8d2k": {"maps": 584, "user_name": "dotindex"}, "2czbtyaqtbjo89sut7jqd": {"maps": 343, "user_name": "Thezra325"}, "2bojjyjkmhegoqt73au7m": {"maps": 298, "user_name": "FitArtist334071"}, "29wvwcyosrr43a72at6m5": {"maps": 237, "user_name": "Poggggg"}, "29qeyt8s1biu4e22e8653": {"maps": 234, "user_name": "brandonhamrick"}, "2b2plkhwfthpvqrtq90em": {"maps": 227, "user_name": "Pack_VR"}, "29rhk9gdy7iiza0k3tttk": {"maps": 225, "user_name": "Trap11190"}, "29st9jdcbxxotp0t9d8en": {"maps": 201, "user_name": "Navilain"}, "2bdgvs9mq43grmiabk1bk": {"maps": 199, "user_name": "draculaflo"}, "29srqtwaq08zzhp3kng3u": {"maps": 192, "user_name": "CoblerB1"}, "29gxtryykgnblu5xvdip8": {"maps": 184, "user_name": "Duckdabro"}, "2bl9jjc7y3wk79lt283xx": {"maps": 181, "user_name": "EvildragonVR"}, "2ap0yu9y9g2lcvxbc5x3g": {"maps": 155, "user_name": "dawn.qt"}, "2b2pzmjdcqh7hu71v500n": {"maps": 153, "user_name": "PsMonkey"}, "29qv44zsn1bl7muilse95": {"maps": 151, "user_name": "Ryzx"}, "2c52qodt76x8fn8o23su1": {"maps": 150, "user_name": "Oreo_on_vr"}, "29w20l59y1m2zkzhkojnu": {"maps": 145, "user_name": "Mr.Madlord"}, "2b98oapjfx05t5nq33xpp": {"maps": 143, "user_name": "crazysherman2"}, "2apqgju0ttomc3mztt3p6": {"maps": 143, "user_name": "iSkype"}, "2a6ekr378kiwrrodjri7e": {"maps": 139, "user_name": "YelloducVR"}, "2br3r3beexa8hy0yw4c6z": {"maps": 138, "user_name": "Llamaiabad_m8"}, "2c9uw1hmr8t6d32l50qha": {"maps": 135, "user_name": "GVPikachu"}, "29uv38c0g6ybrxlaql9or": {"maps": 129, "user_name": "nolan8420"}, "29rqdxks1jyqbrdnw6ggs": {"maps": 129, "user_name": "CYDIGI3"}, "2b29ub6n3gq14ju1fev5v": {"maps": 128, "user_name": "CountryLife6"}, "2aer1ouapoy5r6fidnezr": {"maps": 125, "user_name": "AzimuthGT"}, "2ap647di3dc1k42jf4o2o": {"maps": 120, "user_name": "yO0hooVr"}, "2bf8hyynuelajywj9k4n7": {"maps": 118, "user_name": "Polaris8477"}, "2c1aqs4qqftikofnp34sn": {"maps": 116, "user_name": "DUCK.l0v3r"}, "2bkj2x1tozu1cwg34wcpt": {"maps": 115, "user_name": "8875rx"}, "2a0r12prnob1y78t7wqpn": {"maps": 111, "user_name": "Dyght_light"}, "2bgyhql8flu7rykokzr0l": {"maps": 108, "user_name": "Glingust"}, "2a330dj0lwxto6urn4k9u": {"maps": 108, "user_name": "GalNightWatcher"}, "2a09tvja9dic8lchjkata": {"maps": 107, "user_name": "Droplet___Gamer1226"}, "2a8031alixx3u6tyu2a7k": {"maps": 106, "user_name": "iamaverag8"}, "2cryril20wvakeozbsknk": {"maps": 104, "user_name": "Doge785"}, "29qt9i4e2th1db3i02aqm": {"maps": 101, "user_name": "OtterBoy.XD"}, "2bvy4htc1ihhkf23hxxce": {"maps": 99, "user_name": "BigDum"}, "2b5f06beql4s712awjzd1": {"maps": 98, "user_name": "oculus_crab07"}, "2c7oqjunzn6dwy7rv6i96": {"maps": 98, "user_name": "HYBR1D"}, "2ak0ysv35egakgfilswpy": {"maps": 98, "user_name": "EBSpark"}, "2aejscunjtm5ktmn0lh0w": {"maps": 95, "user_name": "LowkeyVrPro"}, "2b7djrxoy32zfr0tx703g": {"maps": 94, "user_name": "FURRYTWO"}, "29px3pmrktk2sms8qmvqb": {"maps": 94, "user_name": "CokeDeeee"}, "29udv6q207r9ehlyn3zp1": {"maps": 94, "user_name": "Sherbear79"}, "2axkwzh6f43g1regf401p": {"maps": 91, "user_name": "oreo_gaming"}, "29z0xnmo2bj7t5r2xfed1": {"maps": 90, "user_name": "gman2giant"}, "2cj6360mb3vzq6m87idlc": {"maps": 89, "user_name": "brant.709581"}, "2agnws553se4jxb8sbnpo": {"maps": 89, "user_name": "vrshirleys"}, "2c265k7puq5nt7i4vqmyu": {"maps": 88, "user_name": "Rlfty.vr"}, "2cv2k0s9j3dp3rglfmblc": {"maps": 88, "user_name": "SuperBlueCheese"}, "29nxcg0chi4uqcj7yk7f4": {"maps": 86, "user_name": "Insert.vr"}, "2bf5tjn2m3gdimm22z7w0": {"maps": 83, "user_name": "sillyboy69420"}, "2cmndb6aqd04eegbagxbo": {"maps": 83, "user_name": "vestria"}, "2abebn7t4lq4ydl89oxje": {"maps": 82, "user_name": "FruitByTheFist"}, "2blgd8unf5ztm9e6b6e8m": {"maps": 81, "user_name": "HargraveVR"}, "2cexkm6gw69hlyyrlv8h8": {"maps": 81, "user_name": "CVgod"}, "2am015n3aa6sebl0p6923": {"maps": 81, "user_name": "rougueRunner"}, "2bs9a0kjj1uhssit33q3e": {"maps": 81, "user_name": "BernanaBread"}, "2b65xit4k32pv51wy9lea": {"maps": 81, "user_name": "fart.mp4"}, "29qv0sdmg8m5y3lpdt05w": {"maps": 81, "user_name": "MrPiglett"}, "2ako4mk7kyo1zx1hlee0m": {"maps": 79, "user_name": "Medveds2021"}, "29j33v3pw6k19lyggvu6a": {"maps": 78, "user_name": "anbuvylax"}, "29vhvl94jvlw4vp4b019y": {"maps": 78, "user_name": "luhmao"}, "29rf0j9ksurlx1zybi2gm": {"maps": 78, "user_name": "Doge786"}, "29id5ta7mb54j28tz6wfe": {"maps": 77, "user_name": "Convrist"}, "2bjb2qs2qw3cv13niobik": {"maps": 75, "user_name": "Rickyboy101"}, "2bkjejfjfpk62f85u6b7o": {"maps": 74, "user_name": "lavvyvr"}, "2cesdq161o7osbayxxgp6": {"maps": 74, "user_name": "Hanzosaber.2023"}, "2atmggb72y45qsxf13tp9": {"maps": 74, "user_name": "ky_sky_hi"}, "29vh4zn6z4csfonu7q274": {"maps": 72, "user_name": "DE4THK33PER"}, "2c090toas1p142efr5puj": {"maps": 71, "user_name": "sigmaMufffinvr"}, "2b9qk0h9d825qy92fyl21": {"maps": 71, "user_name": "XeroTheSilly"}, "2a16lrhk70q0s94hkbdwz": {"maps": 71, "user_name": "BWLBuck"}, "2bb2vrivtgm62jruxppkx": {"maps": 71, "user_name": "Lando-23"}, "2d0q9g52rhd4c8hsjasta": {"maps": 69, "user_name": "ok.hi.669981"}, "2a0yppin50f1m1kzcyrbr": {"maps": 69, "user_name": "oasislee"}, "2cu1ikirmoysrag9ew11o": {"maps": 68, "user_name": "Noah_Brand99"}, "2ajh3ta3oul1bb2sw66r5": {"maps": 67, "user_name": "freezeeduck"}, "2cse0rwhzexnleljzk7g3": {"maps": 66, "user_name": "JiggleTets"}, "2chr39p0bdzfbxzatpcp4": {"maps": 66, "user_name": "DOTfindex"}, "2ae5dh3d11sasaq41z1fc": {"maps": 66, "user_name": "ZURRR_111"}, "2bei7givasg8spj1mozuq": {"maps": 66, "user_name": "Cammyboi69420"}, "2cxie30mr381qm3xnvl03": {"maps": 64, "user_name": "Ivan_VR123"}, "2b4n1vl3nhjt4d3ognob5": {"maps": 63, "user_name": "TheBizzorst"}, "29wqa67tov5nq1kmxsr2l": {"maps": 63, "user_name": "QT_synth"}, "29yec0gze33pi66el8naw": {"maps": 63, "user_name": "piss.vr"}, "2a33b1vaktmxzo9wiftam": {"maps": 63, "user_name": "ItsTrickyTrickyDicky"}, "29i8bssd1n87v6g1wduvr": {"maps": 63, "user_name": "mfli"}, "2ao6urm519y3ttg54n20m": {"maps": 61, "user_name": "YLLF"}, "2c4g9w1l3wwnswsua586m": {"maps": 60, "user_name": "Copman_vr"}, "2c0vvrzpz3uv0mp3n30r5": {"maps": 60, "user_name": "AysonBoi"}, "2adre7sty6x6fq902w4xx": {"maps": 60, "user_name": "Mokey121"}, "29t4nbsay09neyp02t8xs": {"maps": 60, "user_name": "mace_music"}, "2ajwhp4euhkiu59dj2w35": {"maps": 59, "user_name": "player_352"}, "29s8ukg906xmbviy554so": {"maps": 59, "user_name": "KleptoMiner"}, "29k763epg4asdivyctend": {"maps": 59, "user_name": "GRAY_820"}, "2bmmn2miw2opz93rsr4wf": {"maps": 59, "user_name": "Cernsberger"}, "2d0jre7rnvac2j5s9rihq": {"maps": 58, "user_name": "Lucas2734"}, "29j5kd62qrg5797wiiwpx": {"maps": 58, "user_name": "Nash_human"}, "2c786bmd2rwheikx0ej3w": {"maps": 58, "user_name": "CazerG14ttfire"}, "2bgic04fd2ogqdnfskf6m": {"maps": 58, "user_name": "RCD24"}, "2d2m1nnmjfkc4yvxxmg6o": {"maps": 57, "user_name": "pigguy"}, "2c0g0vag10vipkvj3jwq8": {"maps": 56, "user_name": "K_0_Z_M_I_C_6_O"}, "2a9jgtaqv54m31pu4wpvu": {"maps": 56, "user_name": "havey_holland"}, "2bterl3ccauezuz1slu3y": {"maps": 56, "user_name": "phantomzombie.2023"}, "2cueq3co75dqx306nc062": {"maps": 55, "user_name": "norrinest"}, "2akd6s7rgta6k4s0inp6w": {"maps": 55, "user_name": "Strictbrick"}, "2aegug4x23jjnj2ehnjyl": {"maps": 55, "user_name": "rowshamb0wy_yt"}, "2a8x4n43v5ry9hfqdj4zh": {"maps": 55, "user_name": "Rylanchad"}, "2av0siwp3dc2oy8iux1sc": {"maps": 55, "user_name": "lucajf920"}, "2bnlqnf0axktsi8x1gghc": {"maps": 55, "user_name": "ljferrero02"}, "2cqaqsnc3ydhozyf7sbrk": {"maps": 54, "user_name": "swvr.2023"}, "2cmceiyecy8fp7c51p116": {"maps": 54, "user_name": "freezy.vr.2023"}, "2be7njc2pvy2nbv7qlho1": {"maps": 53, "user_name": "gunnboy97"}, "2bic3f5kh7zyhqqohugz7": {"maps": 53, "user_name": "hollowgt"}, "2b6xyimlx521fe8buxeca": {"maps": 53, "user_name": "nadaokonred"}, "2cmoxwv8ddfsibgefwf15": {"maps": 52, "user_name": "Meik123468"}, "2bt1j9owykx3qrnr8ilbv": {"maps": 52, "user_name": "PNUT.73"}, "29jeo3iwb3c4aj7vyulau": {"maps": 52, "user_name": "KylenSalty"}, "2bhb8nllic5vmnpn4aexg": {"maps": 52, "user_name": "Jacquese7474746"}, "29zta0isiiyznub5g9xhd": {"maps": 52, "user_name": "TheGalaxyOfYoutube"}, "2cuku2x4uniufju5iaeq9": {"maps": 52, "user_name": "Logan_druery"}, "2a2loxmylxylzuf52makx": {"maps": 51, "user_name": "Popfox101"}, "29rc4l5ku91x59j0gpt62": {"maps": 50, "user_name": "Levigg62"}, "2bns26w3fm3mw3878kl5j": {"maps": 50, "user_name": "PurplrVr"}, "2bh834iroevzddjs5reyc": {"maps": 50, "user_name": "CosmicalEntity"}, "29ezo6a90tadi40tflojy": {"maps": 49, "user_name": "fargoshark"}, "29jglleo9p90k2ltcwp0w": {"maps": 49, "user_name": "DashGuyMan"}, "2bcualmbq67l6wprq4b23": {"maps": 49, "user_name": "EL_KRAZYVR"}, "2c1227wzror5l07lo8bcg": {"maps": 49, "user_name": "bugzmini.2022"}, "29t0awh1gulr6jyup13wf": {"maps": 49, "user_name": "flamingo_69"}, "29skwf3jc40n6v8w1gmya": {"maps": 49, "user_name": "HuskoDawg996"}, "2b9mih53pu16n8p0ph4be": {"maps": 49, "user_name": "Mark2036"}, "2cubjohd3hiqc0pluk8lz": {"maps": 49, "user_name": "Ranger.18"}, "29ztff7purjtla0n4ake9": {"maps": 49, "user_name": "LightsOut345"}, "2c6rm5vt7hx2isoyt0uql": {"maps": 48, "user_name": "popkornn"}, "2cale1htizlwscwedg1r7": {"maps": 48, "user_name": "PoisonVR2024"}, "29mu59yo9pbgwqloqhthe": {"maps": 48, "user_name": "littlebeastM8"}, "290oi9frh8eihrh1r5z0q": {"maps": 48, "user_name": "Slin"}, "2b6xxzbjrkprcffq1701j": {"maps": 48, "user_name": "stuey77777"}, "2c0lrcakw7ge2uyuuqfk3": {"maps": 47, "user_name": "Doodl3sss1512"}, "2byk9utsg56oupuej2wfl": {"maps": 47, "user_name": "C4LV4TRON"}, "2ao2wbj2hjofkofthq2vh": {"maps": 47, "user_name": "tylerlion"}, "2blld08xnu1l7ymi7qgdk": {"maps": 46, "user_name": "breadgenix"}, "2cztr6bqbsx11kd3sekvo": {"maps": 46, "user_name": "DancinDemons14"}, "29zxhoelxuznlyh5ip6oz": {"maps": 46, "user_name": "LittleMonsterM8"}, "2d1eidldds26v0r6d2nyx": {"maps": 45, "user_name": "BroVRman2023"}, "29w8gsv3mk84h6d7mqerm": {"maps": 45, "user_name": "SDoglikestea"}, "2c7o5acg7snaes2a96or7": {"maps": 45, "user_name": "GamerPro47"}, "29kf6uwek5qyvakbvn7gu": {"maps": 45, "user_name": "0_pancake_0"}, "2b25h67t3o0rbb1z6ew7c": {"maps": 45, "user_name": "emerynovember"}, "2ctxred9srmtrfk2eghwo": {"maps": 44, "user_name": "John.Satterstrom79"}, "2auqkxmj2m5cjqpv96ccw": {"maps": 44, "user_name": "wigglebut21"}, "29tmodqxzp1zvki5tbt13": {"maps": 44, "user_name": "Gare512"}, "2cw2z2wqkmei0jvrgv4pm": {"maps": 44, "user_name": "fred3729"}, "2b7iu0tgiaapu34nkow3u": {"maps": 44, "user_name": "chickennugget4379578535"}, "29szt3eop5759l0tst1hw": {"maps": 44, "user_name": "Cheeze90"}, "2aam8hifpkmxcnikfk70u": {"maps": 44, "user_name": "christsam36"}, "2bi209d7xu74t28akck0f": {"maps": 44, "user_name": "BRICHAGA"}, "2crbq7pqsvl8n1nxtt7gt": {"maps": 43, "user_name": "Blake21616"}, "2d24zjfj4ri4v2abstg2z": {"maps": 43, "user_name": "Agoostus15"}, "2ahr07me5t3733z0ple9h": {"maps": 43, "user_name": "PA4TYVR"}, "2ak1g71asjprcy39df3pq": {"maps": 43, "user_name": "GumballKitte"}, "29zwujsnjq6iu1jqa4keo": {"maps": 43, "user_name": "levi8020"}, "29z0nxar0nqsefbvvly4k": {"maps": 43, "user_name": "Neville_Tiger_Strike"}, "29vrfi2rn9euk64gqiehj": {"maps": 42, "user_name": "dripshark"}, "2c6pd8b8m94ew3i2z2ogw": {"maps": 42, "user_name": "1ForkVR1"}, "2cd9b0mzs6cu8bai525ic": {"maps": 42, "user_name": "xyx.2p2"}, "2clsm2phdxcgyulssa35g": {"maps": 42, "user_name": "THTdimond"}, "2c0jd4vvao1gicgwtbgp1": {"maps": 42, "user_name": "muffin3553857"}, "2cti4poqadcay0w5xeskc": {"maps": 42, "user_name": "Loganlion"}, "2bennf4san46pxt4tyflv": {"maps": 42, "user_name": "Spinozilla.1228"}, "2a3do6ykbb3oogw62idpu": {"maps": 42, "user_name": "ShawboiZ"}, "29ffxg2ijqxyrgxyy2vjj": {"maps": 42, "user_name": "FROSTY_CROSS"}, "2cmk0y7aqf5r5lh9y7at8": {"maps": 42, "user_name": "garythe2"}, "29rkswgx13q8mej7mxdg6": {"maps": 42, "user_name": "AFT_Daring"}, "2anras2bvr6wtdrk2500r": {"maps": 41, "user_name": "kmastervr"}, "2b2lp1j2rdj3s2n51s946": {"maps": 41, "user_name": "mr.humpster"}, "2c4m2crxyst7hjw289anx": {"maps": 41, "user_name": "CatboyEliR"}, "2aw06b0if6j71h3ukt2ir": {"maps": 41, "user_name": "Masterpay"}, "29yrus2fwys80jbb3yuqd": {"maps": 41, "user_name": "nolanandbuster"}, "2a5246lqemyc00tgw0lha": {"maps": 41, "user_name": "GamingGod0913"}, "2b9eo4wv9mw79xnivckk0": {"maps": 40, "user_name": "YoshiBigBum"}, "2bgs6xyft9leb60a6o9sz": {"maps": 40, "user_name": "Esbe_76"}, "2brbdr62nqcykjiq1grfi": {"maps": 40, "user_name": "Therianfoxyt"}, "29ns4vhhhyk1nd8477iok": {"maps": 40, "user_name": "deacon360"}, "2cprq3kvqbinufnmbpjjb": {"maps": 40, "user_name": "NewDoritos"}, "2ba18k2hj085d7kux5kpe": {"maps": 39, "user_name": "Anonymous789"}, "2clmrra8l6pvkqpo8wy8a": {"maps": 39, "user_name": "masterchief117"}, "2awvth9pt6j3y77zeh4p2": {"maps": 39, "user_name": "4V0RT3X"}, "2d1ofm72864fy0iar5n3r": {"maps": 39, "user_name": "Vortex158"}, "2dcdbrqnqeklqu8raa3sd": {"maps": 39, "user_name": "theburning_express"}, "29y5xtwiv6shb636vdb9c": {"maps": 39, "user_name": "SuperMeow10"}, "2an4869nicz9bdsnuuave": {"maps": 39, "user_name": "Nathor-the-Mighty"}, "29mo8es458607q0r7uy2z": {"maps": 39, "user_name": "Malacai"}, "2d7vzeju4u9ft7rv2i3cz": {"maps": 38, "user_name": "Chocolate_Panda6"}, "2c0thog90hlqxikvjtop3": {"maps": 38, "user_name": "PenguinVr1"}, "29suloy4qe25d1kizmrtz": {"maps": 38, "user_name": "JJCOOL1317"}}, "medium": {"29xc83sott7wc21mlni58": {"maps": 1270, "user_name": "13OliviA"}, "29sgp24f1uorbc6vq8d2k": {"maps": 596, "user_name": "dotindex"}, "29wvwcyosrr43a72at6m5": {"maps": 516, "user_name": "Poggggg"}, "29st9jdcbxxotp0t9d8en": {"maps": 497, "user_name": "Navilain"}, "2bdgvs9mq43grmiabk1bk": {"maps": 436, "user_name": "draculaflo"}, "2b5f06beql4s712awjzd1": {"maps": 396, "user_name": "oculus_crab07"}, "2b2plkhwfthpvqrtq90em": {"maps": 395, "user_name": "Pack_VR"}, "2bl9jjc7y3wk79lt283xx": {"maps": 391, "user_name": "EvildragonVR"}, "2ao2wbj2hjofkofthq2vh": {"maps": 385, "user_name": "tylerlion"}, "290oi9frh8eihrh1r5z0q": {"maps": 364, "user_name": "Slin"}, "29ffxg2ijqxyrgxyy2vjj": {"maps": 355, "user_name": "FROSTY_CROSS"}, "2bkj2x1tozu1cwg34wcpt": {"maps": 343, "user_name": "8875rx"}, "2a0r12prnob1y78t7wqpn": {"maps": 342, "user_name": "Dyght_light"}, "2c7oqjunzn6dwy7rv6i96": {"maps": 340, "user_name": "HYBR1D"}, "2a6ekr378kiwrrodjri7e": {"maps": 339, "user_name": "YelloducVR"}, "2apqgju0ttomc3mztt3p6": {"maps": 334, "user_name": "iSkype"}, "29rhk9gdy7iiza0k3tttk": {"maps": 318, "user_name": "Trap11190"}, "29gxtryykgnblu5xvdip8": {"maps": 293, "user_name": "Duckdabro"}, "2axkwzh6f43g1regf401p": {"maps": 293, "user_name": "OreO_GaminG"}, "2bgyhql8flu7rykokzr0l": {"maps": 291, "user_name": "Glingust"}, "29qv44zsn1bl7muilse95": {"maps": 287, "user_name": "Ryzx"}, "2cv2k0s9j3dp3rglfmblc": {"maps": 283, "user_name": "SuperBlueCheese"}, "2b7anf6j52v10xfy419nh": {"maps": 268, "user_name": "avocadoboy29"}, "29srqtwaq08zzhp3kng3u": {"maps": 267, "user_name": "CoblerB1"}, "2bmmn2miw2opz93rsr4wf": {"maps": 265, "user_name": "Cernsberger"}, "2bojjyjkmhegoqt73au7m": {"maps": 260, "user_name": "FitArtist334071"}, "2ap647di3dc1k42jf4o2o": {"maps": 258, "user_name": "yO0hooVrrr"}, "29qeyt8s1biu4e22e8653": {"maps": 254, "user_name": "brandonhamrick"}, "29udv6q207r9ehlyn3zp1": {"maps": 250, "user_name": "Sherbear79"}, "29px3pmrktk2sms8qmvqb": {"maps": 247, "user_name": "CokeDeeee"}, "29ezo6a90tadi40tflojy": {"maps": 240, "user_name": "fargoshark"}, "29rqdxks1jyqbrdnw6ggs": {"maps": 239, "user_name": "CYDIGI3"}, "2a09tvja9dic8lchjkata": {"maps": 239, "user_name": "Droplet___Gamer1226"}, "29w20l59y1m2zkzhkojnu": {"maps": 238, "user_name": "Mr.Madlord"}, "2ak0ysv35egakgfilswpy": {"maps": 237, "user_name": "EBSpark"}, "29id5ta7mb54j28tz6wfe": {"maps": 234, "user_name": "Convrist"}, "2a8031alixx3u6tyu2a7k": {"maps": 232, "user_name": "iamaverag8"}, "29nxcg0chi4uqcj7yk7f4": {"maps": 230, "user_name": "KEN__CARS0N"}, "29rkswgx13q8mej7mxdg6": {"maps": 225, "user_name": "AFT_Daring"}, "2b98oapjfx05t5nq33xpp": {"maps": 222, "user_name": "crazysherman2"}, "2ap0yu9y9g2lcvxbc5x3g": {"maps": 221, "user_name": "dawn.qt"}, "29yec0gze33pi66el8naw": {"maps": 217, "user_name": "piss.vr"}, "29ztff7purjtla0n4ake9": {"maps": 217, "user_name": "LightsOut345"}, "29wqa67tov5nq1kmxsr2l": {"maps": 211, "user_name": "QT_synth"}, "2br3r3beexa8hy0yw4c6z": {"maps": 207, "user_name": "dotlndex"}, "2c9uw1hmr8t6d32l50qha": {"maps": 204, "user_name": "GVPikachu"}, "2a16lrhk70q0s94hkbdwz": {"maps": 201, "user_name": "BWLBuck"}, "29uv38c0g6ybrxlaql9or": {"maps": 199, "user_name": "nolan8420"}, "2a33b1vaktmxzo9wiftam": {"maps": 198, "user_name": "ItsTrickyTrickyDicky"}, "2c1aqs4qqftikofnp34sn": {"maps": 197, "user_name": "DUCK.l0v3r"}, "2a2x6ld8bmv9k29y6yusw": {"maps": 197, "user_name": "DamondStrke"}, "2bterl3ccauezuz1slu3y": {"maps": 196, "user_name": "phantomzombie.2023"}, "29k763epg4asdivyctend": {"maps": 191, "user_name": "GRAY_820"}, "2ajh3ta3oul1bb2sw66r5": {"maps": 191, "user_name": "freezeeduck"}, "2blld08xnu1l7ymi7qgdk": {"maps": 189, "user_name": "breadgenix"}, "2b7djrxoy32zfr0tx703g": {"maps": 187, "user_name": "FURRYTWO"}, "2bvy4htc1ihhkf23hxxce": {"maps": 186, "user_name": "BigDum"}, "2b40hnywfolv6cqdo1znf": {"maps": 184, "user_name": "Great_Gox"}, "2b29ub6n3gq14ju1fev5v": {"maps": 182, "user_name": "CountryLife6"}, "2c1ac2ajubr0ftd3d0gsd": {"maps": 178, "user_name": "Julian_fun"}, "2aer1ouapoy5r6fidnezr": {"maps": 178, "user_name": "AzimuthGT"}, "2cj6360mb3vzq6m87idlc": {"maps": 177, "user_name": "BrantleyIsBetter"}, "2bennf4san46pxt4tyflv": {"maps": 174, "user_name": "Spinozilla.1228"}, "2abebn7t4lq4ydl89oxje": {"maps": 170, "user_name": "FruitByTheFist"}, "2c0r7qf181vgbcnxb3285": {"maps": 169, "user_name": "invert132"}, "29zta0isiiyznub5g9xhd": {"maps": 167, "user_name": "TheGalaxyOfYoutube"}, "2cale1htizlwscwedg1r7": {"maps": 165, "user_name": "PoisonVR2024"}, "2bf8hyynuelajywj9k4n7": {"maps": 165, "user_name": "Polaris8477"}, "2b5b8o9vvpglfgxi20l7z": {"maps": 165, "user_name": "SirFujiko"}, "2bew6i893gmw42trq9nfz": {"maps": 165, "user_name": "RotGoddess1"}, "2baydbvctvw597zvmx6ry": {"maps": 163, "user_name": "TrashPandas103112"}, "2bf5tjn2m3gdimm22z7w0": {"maps": 162, "user_name": "sillyboy69420"}, "2aw06b0if6j71h3ukt2ir": {"maps": 161, "user_name": "Masterpay"}, "2b65xit4k32pv51wy9lea": {"maps": 160, "user_name": "fart.mp4"}, "2c265k7puq5nt7i4vqmyu": {"maps": 160, "user_name": "Rlfty.vr"}, "2a3do6ykbb3oogw62idpu": {"maps": 158, "user_name": "ShawboiZ"}, "2b6xz7gf4az5gx4nxfyk0": {"maps": 157, "user_name": "Frevr"}, "2a9jgtaqv54m31pu4wpvu": {"maps": 157, "user_name": "harvey_holland"}, "2a6vkwrdnbmuf5iyhuxe7": {"maps": 157, "user_name": "Alekai1"}, "2bi209d7xu74t28akck0f": {"maps": 157, "user_name": "Brichaga"}, "29t0awh1gulr6jyup13wf": {"maps": 156, "user_name": "flamingo_69"}, "2cryril20wvakeozbsknk": {"maps": 155, "user_name": "Doge785"}, "2am015n3aa6sebl0p6923": {"maps": 155, "user_name": "rougueRunner"}, "2a330dj0lwxto6urn4k9u": {"maps": 155, "user_name": "GalNightWatcher"}, "29qv0sdmg8m5y3lpdt05w": {"maps": 155, "user_name": "MrPiglett"}, "2ae5dh3d11sasaq41z1fc": {"maps": 155, "user_name": "ZURRR_111"}, "2bh834iroevzddjs5reyc": {"maps": 155, "user_name": "CosmicalEntity"}, "2b45z4cwsk5hjcn4scz1z": {"maps": 154, "user_name": "SomeStrangePerson"}, "29j33v3pw6k19lyggvu6a": {"maps": 153, "user_name": "anbuvylax"}, "29y5xtwiv6shb636vdb9c": {"maps": 152, "user_name": "SuperMeow10"}, "29zwujsnjq6iu1jqa4keo": {"maps": 152, "user_name": "levi8020"}, "29rf0j9ksurlx1zybi2gm": {"maps": 151, "user_name": "Doge786"}, "2czbtyaqtbjo89sut7jqd": {"maps": 151, "user_name": "Thezra325"}, "2b8qxczz8sn1yiubewqoh": {"maps": 151, "user_name": "LeahyFamBam"}, "29jeo3iwb3c4aj7vyulau": {"maps": 150, "user_name": "KylenSalty"}, "2cubjohd3hiqc0pluk8lz": {"maps": 150, "user_name": "Ranger.18"}, "2bkjejfjfpk62f85u6b7o": {"maps": 149, "user_name": "lavvyvr"}, "2ako4mk7kyo1zx1hlee0m": {"maps": 149, "user_name": "Medveds2021"}, "2c52qodt76x8fn8o23su1": {"maps": 148, "user_name": "Oreo_on_vr"}, "2aejscunjtm5ktmn0lh0w": {"maps": 147, "user_name": "LowkeyVrPro"}, "2a2loxmylxylzuf52makx": {"maps": 146, "user_name": "Popfox101"}, "2av0siwp3dc2oy8iux1sc": {"maps": 143, "user_name": "lucajf920"}, "2bjb2qs2qw3cv13niobik": {"maps": 141, "user_name": "Rickyboy101"}, "2aqk2f39o44nxz0yixbas": {"maps": 140, "user_name": "gage_rod"}, "2cmndb6aqd04eegbagxbo": {"maps": 139, "user_name": "vestria"}, "2bns26w3fm3mw3878kl5j": {"maps": 138, "user_name": "PurplrVr"}, "2a0yppin50f1m1kzcyrbr": {"maps": 138, "user_name": "oasislee"}, "2auqkxmj2m5cjqpv96ccw": {"maps": 137, "user_name": "wigglebut21"}, "2akd6s7rgta6k4s0inp6w": {"maps": 136, "user_name": "Strictbrick"}, "29z0nxar0nqsefbvvly4k": {"maps": 134, "user_name": "Neville_Tiger_Strike"}, "2d0q9g52rhd4c8hsjasta": {"maps": 133, "user_name": "ok.hi.669981"}, "2bnlqnf0axktsi8x1gghc": {"maps": 133, "user_name": "ljferrero02"}, "2b9qk0h9d825qy92fyl21": {"maps": 132, "user_name": "XeroTheSilly"}, "2bmbn2tcbm89x9wv2idh1": {"maps": 131, "user_name": "Rockyraider"}, "29v9vd6n9z45d16mi2o2n": {"maps": 131, "user_name": "JeffBobDude"}, "2bgic04fd2ogqdnfskf6m": {"maps": 131, "user_name": "RCD24"}, "2a8x4n43v5ry9hfqdj4zh": {"maps": 131, "user_name": "Rylanchad"}, "2bei7givasg8spj1mozuq": {"maps": 131, "user_name": "Cammyboi69420"}, "2cse0rwhzexnleljzk7g3": {"maps": 130, "user_name": "JiggleTets"}, "2cmoxwv8ddfsibgefwf15": {"maps": 129, "user_name": "Meik123468"}, "2b4n1vl3nhjt4d3ognob5": {"maps": 129, "user_name": "TheBizzorst"}, "2agnws553se4jxb8sbnpo": {"maps": 129, "user_name": "vrshirleys"}, "29z0xnmo2bj7t5r2xfed1": {"maps": 127, "user_name": "gman2giant"}, "29ngj2xcdlinnuqz0vrw5": {"maps": 125, "user_name": "CursedPhantom"}, "2abovr5t3alegxugovv4u": {"maps": 124, "user_name": "TalenMunster"}, "29rbyudpcet6wdy3iidd4": {"maps": 123, "user_name": "TLTT"}, "29qt9i4e2th1db3i02aqm": {"maps": 122, "user_name": "OtterBoy.XD"}, "29j5kd62qrg5797wiiwpx": {"maps": 122, "user_name": "Nash_human"}, "2b6rvqv6784m6th5iyytl": {"maps": 120, "user_name": "Demonshark5703"}, "2a5246lqemyc00tgw0lha": {"maps": 120, "user_name": "GamingGod0913"}, "2blgd8unf5ztm9e6b6e8m": {"maps": 119, "user_name": "HargraveVR"}, "2a0ww6psn1b42o4ziik88": {"maps": 119, "user_name": "logical.on.yt"}, "2c2gukm43bx7gjdvtfzw2": {"maps": 119, "user_name": "froggy107"}, "2bv1efi8h97za97zc2wos": {"maps": 119, "user_name": "Moltenvr.2023"}, "2cpxurzwvw294smzl1100": {"maps": 118, "user_name": "Mr.PaintVR"}, "2b0an06iko4dlrx80hzts": {"maps": 118, "user_name": "trippie-kidd"}, "29tu963tlieq3dqgofims": {"maps": 118, "user_name": "pAndALar"}, "29mo8es458607q0r7uy2z": {"maps": 118, "user_name": "Rimoshichimoto"}, "2apc6g4yetsb97pcphizy": {"maps": 117, "user_name": "K1NG.6"}, "2bin1svp2pxxdp7o4gzfq": {"maps": 115, "user_name": "nobody_cares1"}, "29vh4zn6z4csfonu7q274": {"maps": 114, "user_name": "DE4THK33PER"}, "2be7njc2pvy2nbv7qlho1": {"maps": 113, "user_name": "gunnboy97"}, "2d44sb0l2nj3uir2tvu9l": {"maps": 112, "user_name": "jackbh14"}, "2bb2vrivtgm62jruxppkx": {"maps": 112, "user_name": "Lando-23"}, "2an4869nicz9bdsnuuave": {"maps": 112, "user_name": "Nathor-the-Mighty"}, "2ajwhp4euhkiu59dj2w35": {"maps": 110, "user_name": "player_352"}, "2a6x44fdo30g5ya4xjyr7": {"maps": 110, "user_name": "HAPPY.h31pMe"}, "2ctxred9srmtrfk2eghwo": {"maps": 109, "user_name": "John.Satterstrom79"}, "29iz7lwjt8f9l20uvr28b": {"maps": 109, "user_name": "D2whiplash"}, "2a7daa8alwps4hj7a9kka": {"maps": 109, "user_name": "Gumi.g"}, "2amoo1vioevdwesllhyfj": {"maps": 109, "user_name": "Trident.Grab1"}, "2a6qby24nadyl2fb5f6ku": {"maps": 109, "user_name": "landonjames13"}, "2bvinw4iom3jiyo68esbo": {"maps": 109, "user_name": "Darx"}, "2a0lvcwp1mmrqwbzy9xkv": {"maps": 109, "user_name": "RadioIV"}, "2ba18k2hj085d7kux5kpe": {"maps": 108, "user_name": "Anonymous789"}, "29lmdv56fjch18bes1u2j": {"maps": 108, "user_name": "Caziggy"}, "29nw8ne8bffda9wwqztbw": {"maps": 108, "user_name": "speeder2"}, "29t4nbsay09neyp02t8xs": {"maps": 108, "user_name": "Mellyy_VR"}, "2cuku2x4uniufju5iaeq9": {"maps": 107, "user_name": "Logan_druery"}, "29i8bssd1n87v6g1wduvr": {"maps": 106, "user_name": "mfli"}, "2atmggb72y45qsxf13tp9": {"maps": 105, "user_name": "ky_sky_hi"}, "2bddiudoi11gx9itma7jl": {"maps": 105, "user_name": "bean1234556"}, "2bu8z7vzzbl31bndkl84i": {"maps": 105, "user_name": "junglejumper82"}, "2c0vvrzpz3uv0mp3n30r5": {"maps": 104, "user_name": "AysonBoi"}, "2cm2dpvua3ufi2j2zm4bf": {"maps": 104, "user_name": "YdragonVR"}, "29zxhoelxuznlyh5ip6oz": {"maps": 104, "user_name": "LittleMonsterM8"}, "2aqte20tvbz8xw2krn98k": {"maps": 104, "user_name": "thebearlegend123"}, "29gyvnh1esshe0vq3s092": {"maps": 104, "user_name": "XraptorX78"}, "2c0uvmncbcclfkcnlk23c": {"maps": 102, "user_name": "W1LL3R"}, "2bt1j9owykx3qrnr8ilbv": {"maps": 102, "user_name": "PNUT.73"}, "2bs9a0kjj1uhssit33q3e": {"maps": 102, "user_name": "BernanaBread"}, "29prp534vnw8llkf0v0qm": {"maps": 102, "user_name": "ForevrGrab"}, "2b7iu0tgiaapu34nkow3u": {"maps": 102, "user_name": "chickennugget4379578535"}, "2bjkcqzhksv7nxw2wkr36": {"maps": 102, "user_name": "Kersplut"}, "2clagse1i4zm2fixnkdv7": {"maps": 102, "user_name": "buttercup8.2023"}, "2bd1r9wgsjgknzuq8cjb8": {"maps": 101, "user_name": "duckcellent"}, "2c0jd4vvao1gicgwtbgp1": {"maps": 101, "user_name": "muffin3553857"}, "29gmek2pnwqqx27g565hs": {"maps": 101, "user_name": "Stand.i"}, "2c188radl030y7ztiyddp": {"maps": 101, "user_name": "turretvr"}, "2aenjw6c48ui2fwz6vv2p": {"maps": 100, "user_name": "kingkurtthebest"}, "2ao6urm519y3ttg54n20m": {"maps": 99, "user_name": "YLLF"}, "2b98jmwhl3iaf08358520": {"maps": 99, "user_name": "AJ2763"}, "2bjz8nebkbbt9ima3sn9x": {"maps": 99, "user_name": "ThomasM10"}, "2bfqb0o1v8789e6mkzbra": {"maps": 99, "user_name": "Phantom287"}, "2a7kcrctb9fpib14lilnx": {"maps": 98, "user_name": "felixart"}, "2chr39p0bdzfbxzatpcp4": {"maps": 98, "user_name": "DOTfindex"}, "2b7ym0lu6mun7dpckev0b": {"maps": 98, "user_name": "MrBananaMan56"}, "2bic3f5kh7zyhqqohugz7": {"maps": 98, "user_name": "hollowgt"}, "29rmundy78vdxwvlpopju": {"maps": 98, "user_name": "MillieBugler"}, "29u3srwdynq6kkew4yk6m": {"maps": 98, "user_name": "Thatlildave"}, "2b25h67t3o0rbb1z6ew7c": {"maps": 98, "user_name": "emerynovember"}, "29vm9ylhjskny5hxm2fmk": {"maps": 97, "user_name": "olumboi"}, "2c1t2ls16y03cuipnd8iw": {"maps": 97, "user_name": "Kjo6"}, "2c786bmd2rwheikx0ej3w": {"maps": 97, "user_name": "CazerG14ttfire"}, "2cexkm6gw69hlyyrlv8h8": {"maps": 96, "user_name": "CVgod"}, "29n9hjza4lerqn38ee32h": {"maps": 96, "user_name": "Famgal"}, "29kf6uwek5qyvakbvn7gu": {"maps": 96, "user_name": "0_pancake_0"}, "29yrus2fwys80jbb3yuqd": {"maps": 96, "user_name": "nolanandbuster"}, "2cti4poqadcay0w5xeskc": {"maps": 95, "user_name": "Loganlion"}, "29mxpl6eug1pwpjlfffpf": {"maps": 94, "user_name": "aidentheblueslime"}}, "hard": {"29wvwcyosrr43a72at6m5": {"maps": 751, "user_name": "Poggggg"}, "29sgp24f1uorbc6vq8d2k": {"maps": 743, "user_name": "dotindex"}, "29xc83sott7wc21mlni58": {"maps": 727, "user_name": "13OliviA"}, "29ffxg2ijqxyrgxyy2vjj": {"maps": 720, "user_name": "FROSTY_CROSS"}, "290oi9frh8eihrh1r5z0q": {"maps": 625, "user_name": "Slin"}, "29st9jdcbxxotp0t9d8en": {"maps": 538, "user_name": "Navilain"}, "2b5f06beql4s712awjzd1": {"maps": 478, "user_name": "oculus_crab07"}, "2b2plkhwfthpvqrtq90em": {"maps": 430, "user_name": "Pack_VR"}, "2bl9jjc7y3wk79lt283xx": {"maps": 424, "user_name": "EvildragonVR"}, "2czbtyaqtbjo89sut7jqd": {"maps": 408, "user_name": "Thezra325"}, "2a6ekr378kiwrrodjri7e": {"maps": 392, "user_name": "YelloducVR"}, "2axkwzh6f43g1regf401p": {"maps": 374, "user_name": "oreo_gaming"}, "2bdgvs9mq43grmiabk1bk": {"maps": 360, "user_name": "draculaflo"}, "2a8031alixx3u6tyu2a7k": {"maps": 359, "user_name": "iamaverag8"}, "29rkswgx13q8mej7mxdg6": {"maps": 354, "user_name": "AFT_Daring"}, "29id5ta7mb54j28tz6wfe": {"maps": 346, "user_name": "Convrist"}, "29srqtwaq08zzhp3kng3u": {"maps": 332, "user_name": "CoblerB1"}, "2a16lrhk70q0s94hkbdwz": {"maps": 325, "user_name": "BWLBuck"}, "29gxtryykgnblu5xvdip8": {"maps": 321, "user_name": "Duckdabro"}, "2bgyhql8flu7rykokzr0l": {"maps": 291, "user_name": "Glingust"}, "29nxcg0chi4uqcj7yk7f4": {"maps": 288, "user_name": "KEN__CARS0N"}, "29rhk9gdy7iiza0k3tttk": {"maps": 272, "user_name": "Trap11190"}, "2ak0ysv35egakgfilswpy": {"maps": 268, "user_name": "EBSpark"}, "29k763epg4asdivyctend": {"maps": 260, "user_name": "GRAY_820"}, "29rqdxks1jyqbrdnw6ggs": {"maps": 257, "user_name": "CYDIGI3"}, "2bojjyjkmhegoqt73au7m": {"maps": 254, "user_name": "FitArtist334071"}, "29w20l59y1m2zkzhkojnu": {"maps": 254, "user_name": "Mr.Madlord"}, "2bmmn2miw2opz93rsr4wf": {"maps": 253, "user_name": "Cernsberger"}, "2a0r12prnob1y78t7wqpn": {"maps": 249, "user_name": "Dyght_light"}, "29ezo6a90tadi40tflojy": {"maps": 248, "user_name": "fargoshark"}, "2bkj2x1tozu1cwg34wcpt": {"maps": 244, "user_name": "8875rx"}, "2c1ac2ajubr0ftd3d0gsd": {"maps": 240, "user_name": "Julian_fun"}, "2blld08xnu1l7ymi7qgdk": {"maps": 239, "user_name": "breadgenix"}, "29y5xtwiv6shb636vdb9c": {"maps": 238, "user_name": "SuperMeow10"}, "2bvy4htc1ihhkf23hxxce": {"maps": 228, "user_name": "BigDum"}, "2ap0yu9y9g2lcvxbc5x3g": {"maps": 224, "user_name": "dawn.qt"}, "29px3pmrktk2sms8qmvqb": {"maps": 223, "user_name": "CokeDeeee"}, "29zwujsnjq6iu1jqa4keo": {"maps": 219, "user_name": "levi8020"}, "2ap647di3dc1k42jf4o2o": {"maps": 215, "user_name": "yO0hooVrrr"}, "2c9uw1hmr8t6d32l50qha": {"maps": 212, "user_name": "GVPikachu"}, "29z0nxar0nqsefbvvly4k": {"maps": 205, "user_name": "Neville_Tiger_Strike"}, "2bf8hyynuelajywj9k4n7": {"maps": 201, "user_name": "Polaris8477"}, "2bterl3ccauezuz1slu3y": {"maps": 201, "user_name": "phantomzombie.2023"}, "2a0ww6psn1b42o4ziik88": {"maps": 197, "user_name": "logical.on.yt"}, "2c0vvrzpz3uv0mp3n30r5": {"maps": 194, "user_name": "AysonBoi"}, "2a2x6ld8bmv9k29y6yusw": {"maps": 191, "user_name": "DamondStrke"}, "2b7anf6j52v10xfy419nh": {"maps": 189, "user_name": "avocadoboy29"}, "29yec0gze33pi66el8naw": {"maps": 183, "user_name": "piss.vr"}, "2apqgju0ttomc3mztt3p6": {"maps": 181, "user_name": "Iegendary"}, "29lmdv56fjch18bes1u2j": {"maps": 180, "user_name": "Caziggy"}, "2b7djrxoy32zfr0tx703g": {"maps": 179, "user_name": "FURRYTWO"}, "29wqa67tov5nq1kmxsr2l": {"maps": 179, "user_name": "synthesisdash"}, "2abebn7t4lq4ydl89oxje": {"maps": 174, "user_name": "FruitByTheFist"}, "2bf5tjn2m3gdimm22z7w0": {"maps": 171, "user_name": "sillyboy69420"}, "2bt1j9owykx3qrnr8ilbv": {"maps": 168, "user_name": "PNUT.73"}, "29rf0j9ksurlx1zybi2gm": {"maps": 167, "user_name": "Doge786"}, "29zta0isiiyznub5g9xhd": {"maps": 163, "user_name": "TheGalaxyOfYoutube"}, "2aw06b0if6j71h3ukt2ir": {"maps": 163, "user_name": "Masterpay"}, "2aov1sx3zs20px13i5weq": {"maps": 162, "user_name": "DRAZ56"}, "29udv6q207r9ehlyn3zp1": {"maps": 162, "user_name": "Sherbear79"}, "2bmbn2tcbm89x9wv2idh1": {"maps": 160, "user_name": "Rockyraider"}, "2cpxurzwvw294smzl1100": {"maps": 157, "user_name": "Mr.PaintVR"}, "2cse0rwhzexnleljzk7g3": {"maps": 157, "user_name": "JiggleTets"}, "2c1aqs4qqftikofnp34sn": {"maps": 157, "user_name": "DUCK.l0v3r"}, "2a09tvja9dic8lchjkata": {"maps": 155, "user_name": "Droplet___Gamer1226"}, "2ajh3ta3oul1bb2sw66r5": {"maps": 153, "user_name": "freezeeduck"}, "29qv44zsn1bl7muilse95": {"maps": 153, "user_name": "Ryzx"}, "2am015n3aa6sebl0p6923": {"maps": 150, "user_name": "rougueRunner"}, "2c7oqjunzn6dwy7rv6i96": {"maps": 150, "user_name": "HYBR1D"}, "2b6xz7gf4az5gx4nxfyk0": {"maps": 150, "user_name": "Frevr"}, "29qeyt8s1biu4e22e8653": {"maps": 149, "user_name": "brandonhamrick"}, "2c5tr3jzc3hc0l4vz230q": {"maps": 149, "user_name": "777feet"}, "2a7dpr68r014rdkz6927a": {"maps": 148, "user_name": "Auran_Simia"}, "2c0r7qf181vgbcnxb3285": {"maps": 148, "user_name": "invert132"}, "29v9vd6n9z45d16mi2o2n": {"maps": 147, "user_name": "JeffBobDude"}, "2b0an06iko4dlrx80hzts": {"maps": 145, "user_name": "trippie-kidd"}, "2bh834iroevzddjs5reyc": {"maps": 145, "user_name": "DespicsbleTree"}, "29rbyudpcet6wdy3iidd4": {"maps": 144, "user_name": "TLTT"}, "2b98oapjfx05t5nq33xpp": {"maps": 143, "user_name": "crazysherman2"}, "29uv38c0g6ybrxlaql9or": {"maps": 139, "user_name": "nolan8420"}, "2bvinw4iom3jiyo68esbo": {"maps": 138, "user_name": "Darx"}, "2cmndb6aqd04eegbagxbo": {"maps": 135, "user_name": "vestria"}, "2b4n1vl3nhjt4d3ognob5": {"maps": 132, "user_name": "TheBizzorst"}, "2cale1htizlwscwedg1r7": {"maps": 130, "user_name": "PoisonVR2024"}, "2c0lrcakw7ge2uyuuqfk3": {"maps": 130, "user_name": "Doodl3sss1512"}, "2bew6i893gmw42trq9nfz": {"maps": 130, "user_name": "RotGoddess1"}, "2aer1ouapoy5r6fidnezr": {"maps": 126, "user_name": "AzimuthGT"}, "29mu59yo9pbgwqloqhthe": {"maps": 125, "user_name": "littlebeastM8"}, "2a33b1vaktmxzo9wiftam": {"maps": 125, "user_name": "ItsTrickyTrickyDicky"}, "2br3r3beexa8hy0yw4c6z": {"maps": 124, "user_name": "Llamaiabad_m8"}, "2a3do6ykbb3oogw62idpu": {"maps": 124, "user_name": "ShawboiZ"}, "29nw8ne8bffda9wwqztbw": {"maps": 123, "user_name": "speeder2"}, "2byiugl45e5jm6z2oafye": {"maps": 122, "user_name": "mattenvurg"}, "2be7njc2pvy2nbv7qlho1": {"maps": 121, "user_name": "gunnboy97"}, "2bs9a0kjj1uhssit33q3e": {"maps": 120, "user_name": "BernanaBread"}, "29ztff7purjtla0n4ake9": {"maps": 120, "user_name": "LightsOut345"}, "2cj6360mb3vzq6m87idlc": {"maps": 119, "user_name": "BrantleyIsBetter"}, "2c1o3yossevqgj32wd0sd": {"maps": 119, "user_name": "deweygiraffe"}, "2auqkxmj2m5cjqpv96ccw": {"maps": 118, "user_name": "wigglebut21"}, "2agnws553se4jxb8sbnpo": {"maps": 118, "user_name": "vrshirleys"}, "2ae5dh3d11sasaq41z1fc": {"maps": 118, "user_name": "ZURRR_111"}, "2am0wmjg6f7bb5vqdvrsj": {"maps": 117, "user_name": "Mr_Owl42"}, "2cryril20wvakeozbsknk": {"maps": 116, "user_name": "Doge785"}, "2c265k7puq5nt7i4vqmyu": {"maps": 116, "user_name": "Rlfty.vr"}, "2bns26w3fm3mw3878kl5j": {"maps": 116, "user_name": "PurplrVr"}, "2abovr5t3alegxugovv4u": {"maps": 112, "user_name": "TalenMunster"}, "2b40hnywfolv6cqdo1znf": {"maps": 112, "user_name": "Great_Gox"}, "2blgd8unf5ztm9e6b6e8m": {"maps": 111, "user_name": "HargraveVR"}, "2bjz8nebkbbt9ima3sn9x": {"maps": 111, "user_name": "NSKC8"}, "29qt9i4e2th1db3i02aqm": {"maps": 110, "user_name": "OtterBoy.XD"}, "2bi209d7xu74t28akck0f": {"maps": 110, "user_name": "Brichaga"}, "29ngj2xcdlinnuqz0vrw5": {"maps": 110, "user_name": "CursedPhantom"}, "2c0jd4vvao1gicgwtbgp1": {"maps": 109, "user_name": "muffin3553857"}, "2b9nzi1l8bepm47u5mj24": {"maps": 109, "user_name": "slapwe"}, "29v7arq32z3sojd9r6e9o": {"maps": 109, "user_name": "ThePnut73"}, "2b73bdanhzp2gmr41m283": {"maps": 108, "user_name": "TronisRobot"}, "2bfqb0o1v8789e6mkzbra": {"maps": 107, "user_name": "Phantom287"}, "2bb7ndvntrf86g47ciwxn": {"maps": 105, "user_name": "Danny_tyd"}, "2aam8hifpkmxcnikfk70u": {"maps": 105, "user_name": "christsam36"}, "29zgvg9pdy7lpk2szi6pc": {"maps": 105, "user_name": "davidmhind"}, "2a9jgtaqv54m31pu4wpvu": {"maps": 105, "user_name": "harvey_holland"}, "2b8xxpb13ie10xo6oufdc": {"maps": 104, "user_name": "Soxisbad_m8"}, "2b45z4cwsk5hjcn4scz1z": {"maps": 104, "user_name": "SomeStrangePerson"}, "29j5kd62qrg5797wiiwpx": {"maps": 103, "user_name": "Nash_human"}, "2adovour26vo00yaxq9qy": {"maps": 102, "user_name": "JaxsonFish"}, "29n9hjza4lerqn38ee32h": {"maps": 102, "user_name": "Famgal"}, "29qv0sdmg8m5y3lpdt05w": {"maps": 102, "user_name": "MrPiglett"}, "2cexkm6gw69hlyyrlv8h8": {"maps": 101, "user_name": "CVgod"}, "2baydbvctvw597zvmx6ry": {"maps": 100, "user_name": "TrashPandas103112"}, "29rmundy78vdxwvlpopju": {"maps": 99, "user_name": "MillieBugler"}, "2av0siwp3dc2oy8iux1sc": {"maps": 99, "user_name": "lucajf920"}, "2d0q9g52rhd4c8hsjasta": {"maps": 97, "user_name": "ok.hi.669981"}, "29vhvl94jvlw4vp4b019y": {"maps": 97, "user_name": "luhmao"}, "2aqj12racvbkdg8ge3ns9": {"maps": 96, "user_name": "coleaaron"}, "2aqk2f39o44nxz0yixbas": {"maps": 95, "user_name": "gage_rod"}, "29mo8es458607q0r7uy2z": {"maps": 95, "user_name": "Rimoshichimoto"}, "29zxhoelxuznlyh5ip6oz": {"maps": 94, "user_name": "LittleMonsterM8"}, "2a6vkwrdnbmuf5iyhuxe7": {"maps": 94, "user_name": "Alekai1"}, "2akd6s7rgta6k4s0inp6w": {"maps": 93, "user_name": "Strictbrick"}, "2ban48bn4bd13rt3ys7ul": {"maps": 93, "user_name": "carter.681313"}, "29prp534vnw8llkf0v0qm": {"maps": 93, "user_name": "ForevrGrab"}, "2c2gukm43bx7gjdvtfzw2": {"maps": 93, "user_name": "froggy107"}, "29r46v7djliny6t4rzvq7": {"maps": 92, "user_name": "22Joshi22"}, "2a5tmooekkv5jsivblp0z": {"maps": 91, "user_name": "gamedragon546"}, "2bjk52nnj2mivd02nx0ef": {"maps": 91, "user_name": "LittleSnackSnack"}, "2a4lsr3j8bypkewcx9s90": {"maps": 90, "user_name": "MiloJenSopha"}, "2chr39p0bdzfbxzatpcp4": {"maps": 90, "user_name": "DOTfindex"}, "2c5u0pgt7md3lwet489fd": {"maps": 90, "user_name": "Display.vr"}, "29kf6uwek5qyvakbvn7gu": {"maps": 90, "user_name": "0_pancake_0"}, "2c0uvmncbcclfkcnlk23c": {"maps": 89, "user_name": "W1LL3R"}, "29l5545g062rp81w2y8d8": {"maps": 89, "user_name": "Nexus0"}, "2c52qodt76x8fn8o23su1": {"maps": 89, "user_name": "Oreo_on_vr"}, "2bjb2qs2qw3cv13niobik": {"maps": 89, "user_name": "lorierrr"}, "2akfpj1oeq82m2957mcgt": {"maps": 88, "user_name": "Tumbleweed18"}, "2c188radl030y7ztiyddp": {"maps": 86, "user_name": "turretvr"}, "2a2loxmylxylzuf52makx": {"maps": 86, "user_name": "Popfox101"}, "2cmoxwv8ddfsibgefwf15": {"maps": 85, "user_name": "Meik123468"}, "2cv2k0s9j3dp3rglfmblc": {"maps": 84, "user_name": "SuperBlueCheese"}, "2a0yppin50f1m1kzcyrbr": {"maps": 84, "user_name": "oasislee"}, "2br2vs9936len6aaadk09": {"maps": 84, "user_name": "monkeman101"}, "2bin1svp2pxxdp7o4gzfq": {"maps": 84, "user_name": "nobody_cares1"}, "2b2blw9h5ie7l6qe19wcd": {"maps": 83, "user_name": "Notsuns"}, "29gmek2pnwqqx27g565hs": {"maps": 83, "user_name": "Stand.i"}, "2clagse1i4zm2fixnkdv7": {"maps": 83, "user_name": "buttercup8.2023"}, "2c0pkpbqkciz4jeieknq4": {"maps": 83, "user_name": "Erikthepro"}, "2a0qn18imtwvlnkmb6k62": {"maps": 82, "user_name": "MeanBeatle"}, "2ao6urm519y3ttg54n20m": {"maps": 82, "user_name": "YLLF"}, "29lwyde2vdxardr5rlqdk": {"maps": 82, "user_name": "Drowskull"}, "29w8gsv3mk84h6d7mqerm": {"maps": 82, "user_name": "SDoglikestea"}, "2a5246lqemyc00tgw0lha": {"maps": 82, "user_name": "GamingGod0913"}, "2bictdioy8cpavln3xife": {"maps": 81, "user_name": "dom734"}, "2ayn5nwcumkozm1o6tkng": {"maps": 81, "user_name": "SneakySnitty"}, "29jeo3iwb3c4aj7vyulau": {"maps": 81, "user_name": "KylenSalty"}, "29z0xnmo2bj7t5r2xfed1": {"maps": 80, "user_name": "gman2giant"}, "2aclx1n5qxqcbkv0lrq7f": {"maps": 80, "user_name": "The300rulers"}, "2beom2etphxca0g9r3zij": {"maps": 80, "user_name": "zholliss"}, "2bkjejfjfpk62f85u6b7o": {"maps": 79, "user_name": "lavvyvr"}, "2aejscunjtm5ktmn0lh0w": {"maps": 79, "user_name": "LowkeyVrPro"}, "2a8x4n43v5ry9hfqdj4zh": {"maps": 79, "user_name": "Rylanchad"}, "29xhrstf60rvox795h7cx": {"maps": 78, "user_name": "Griffster17"}, "2c8yr1d2s5ohk9i9gm71i": {"maps": 78, "user_name": "someone5K15"}, "29t6ofzisqvkbl7002lj2": {"maps": 78, "user_name": "Snowlux"}, "2b9eo4wv9mw79xnivckk0": {"maps": 77, "user_name": "YoshiBigBum"}, "2a6qby24nadyl2fb5f6ku": {"maps": 77, "user_name": "landonjames13"}, "2acbdwj2bo9r9zkt79p72": {"maps": 76, "user_name": "kookookrazy"}, "2ajwhp4euhkiu59dj2w35": {"maps": 76, "user_name": "player_352"}, "2b7ym0lu6mun7dpckev0b": {"maps": 76, "user_name": "MrBananaMan56"}, "2ak2mapuwhew8vpba9342": {"maps": 76, "user_name": "CartoonRabbit"}, "2b0ownn523djzwjdykwk5": {"maps": 76, "user_name": "ZnZeeX"}, "29hx3li450szpt8offy2q": {"maps": 75, "user_name": "Dr.retro"}, "2a7kcrctb9fpib14lilnx": {"maps": 75, "user_name": "felixart"}, "29gxvwgp4rocvtz3avyn6": {"maps": 75, "user_name": "Dean_Barrett"}, "29tu963tlieq3dqgofims": {"maps": 75, "user_name": "pAndALar"}, "2bgtghm4bwjm8q8mb8zja": {"maps": 74, "user_name": "Alphawolf36"}, "2d1at1j92btck4gn2k1eg": {"maps": 73, "user_name": "Floridian33"}, "2b7iu0tgiaapu34nkow3u": {"maps": 73, "user_name": "chickennugget4379578535"}, "2bd1r9wgsjgknzuq8cjb8": {"maps": 72, "user_name": "duckcellent"}, "2aegug4x23jjnj2ehnjyl": {"maps": 72, "user_name": "rowshamb0wy_yt"}, "29ns4vhhhyk1nd8477iok": {"maps": 72, "user_name": "deacon360"}, "2bckx8xvzyf3bplkkdcvk": {"maps": 72, "user_name": "wpbrotherly"}}, "veryhard": {"2czbtyaqtbjo89sut7jqd": {"maps": 548, "user_name": "Thezra325"}, "29sgp24f1uorbc6vq8d2k": {"maps": 403, "user_name": "dotindex"}, "29wvwcyosrr43a72at6m5": {"maps": 337, "user_name": "Poggggg"}, "29ffxg2ijqxyrgxyy2vjj": {"maps": 261, "user_name": "FROSTY_CROSS"}, "2a8031alixx3u6tyu2a7k": {"maps": 236, "user_name": "iamaverag8"}, "2bojjyjkmhegoqt73au7m": {"maps": 206, "user_name": "FitArtist334071"}, "2a6ekr378kiwrrodjri7e": {"maps": 197, "user_name": "YelloducVR"}, "2b2plkhwfthpvqrtq90em": {"maps": 189, "user_name": "Pack_VR"}, "2a16lrhk70q0s94hkbdwz": {"maps": 182, "user_name": "BWLBuck"}, "29xc83sott7wc21mlni58": {"maps": 166, "user_name": "13OliviA"}, "29w20l59y1m2zkzhkojnu": {"maps": 145, "user_name": "Mr.Madlord"}, "2bf8hyynuelajywj9k4n7": {"maps": 128, "user_name": "Polaris8477"}, "2bdgvs9mq43grmiabk1bk": {"maps": 120, "user_name": "draculaflo"}, "290oi9frh8eihrh1r5z0q": {"maps": 112, "user_name": "Slin"}, "29nxcg0chi4uqcj7yk7f4": {"maps": 111, "user_name": "Insert.vr"}, "2ap0yu9y9g2lcvxbc5x3g": {"maps": 106, "user_name": "aIwx"}, "29id5ta7mb54j28tz6wfe": {"maps": 104, "user_name": "Convrist"}, "29rf0j9ksurlx1zybi2gm": {"maps": 91, "user_name": "Doge786"}, "29mu59yo9pbgwqloqhthe": {"maps": 91, "user_name": "littlebeastM8"}, "29srqtwaq08zzhp3kng3u": {"maps": 88, "user_name": "CoblerB1"}, "29st9jdcbxxotp0t9d8en": {"maps": 85, "user_name": "Navilain"}, "2b73bdanhzp2gmr41m283": {"maps": 85, "user_name": "TronisRobot"}, "2c5tr3jzc3hc0l4vz230q": {"maps": 83, "user_name": "777feet"}, "29gxtryykgnblu5xvdip8": {"maps": 82, "user_name": "Duckdabro"}, "2c9uw1hmr8t6d32l50qha": {"maps": 80, "user_name": "GVPikachu"}, "29z0nxar0nqsefbvvly4k": {"maps": 76, "user_name": "Neville_Tiger_Strike"}, "2cse0rwhzexnleljzk7g3": {"maps": 75, "user_name": "JiggleTets"}, "2b5f06beql4s712awjzd1": {"maps": 71, "user_name": "oculus_crab07"}, "2bvy4htc1ihhkf23hxxce": {"maps": 70, "user_name": "BigDum"}, "2ap647di3dc1k42jf4o2o": {"maps": 67, "user_name": "yO0hooVr"}, "2axkwzh6f43g1regf401p": {"maps": 67, "user_name": "oreo_gaming"}, "29lmdv56fjch18bes1u2j": {"maps": 63, "user_name": "Caziggy"}, "2bt1j9owykx3qrnr8ilbv": {"maps": 62, "user_name": "PNUT.73"}, "29rqdxks1jyqbrdnw6ggs": {"maps": 62, "user_name": "CYDIGI3"}, "29rkswgx13q8mej7mxdg6": {"maps": 62, "user_name": "AFT_Daring"}, "2awuwy1vfa7jyv67tyeli": {"maps": 59, "user_name": "Haspoop"}, "29k763epg4asdivyctend": {"maps": 59, "user_name": "GRAY_820"}, "2be7njc2pvy2nbv7qlho1": {"maps": 58, "user_name": "gunnboy97"}, "2bl9jjc7y3wk79lt283xx": {"maps": 57, "user_name": "EvildragonVR"}, "29y5xtwiv6shb636vdb9c": {"maps": 55, "user_name": "SuperMeow10"}, "2c0vvrzpz3uv0mp3n30r5": {"maps": 52, "user_name": "AysonBoi"}, "29ngj2xcdlinnuqz0vrw5": {"maps": 52, "user_name": "CursedPhantom"}, "2bmbn2tcbm89x9wv2idh1": {"maps": 51, "user_name": "Rockyraider"}, "2bgyhql8flu7rykokzr0l": {"maps": 50, "user_name": "Glingust"}, "29zwujsnjq6iu1jqa4keo": {"maps": 48, "user_name": "levi8020"}, "2agnws553se4jxb8sbnpo": {"maps": 46, "user_name": "vrshirleys"}, "2aov1sx3zs20px13i5weq": {"maps": 43, "user_name": "DRAZ56"}, "2bvinw4iom3jiyo68esbo": {"maps": 42, "user_name": "Darx"}, "29wqa67tov5nq1kmxsr2l": {"maps": 42, "user_name": "NewSynthesis"}, "2cryril20wvakeozbsknk": {"maps": 41, "user_name": "Doge785"}, "2ak0ysv35egakgfilswpy": {"maps": 41, "user_name": "EBSpark"}, "2am015n3aa6sebl0p6923": {"maps": 41, "user_name": "rougueRunner"}, "2cmndb6aqd04eegbagxbo": {"maps": 39, "user_name": "vestria"}, "2bjz8nebkbbt9ima3sn9x": {"maps": 39, "user_name": "NSKC8"}, "2a09tvja9dic8lchjkata": {"maps": 37, "user_name": "Droplet___Gamer1226"}, "29n9hjza4lerqn38ee32h": {"maps": 36, "user_name": "Famgal"}, "29rhk9gdy7iiza0k3tttk": {"maps": 36, "user_name": "Trap11190"}, "2bxznfs3tfog3d18517as": {"maps": 36, "user_name": "MedievalDuck"}, "29s8ukg906xmbviy554so": {"maps": 35, "user_name": "KleptoMiner"}, "2blgd8unf5ztm9e6b6e8m": {"maps": 35, "user_name": "HargraveVR"}, "2br2vs9936len6aaadk09": {"maps": 35, "user_name": "monkeman101"}, "2b8xxpb13ie10xo6oufdc": {"maps": 34, "user_name": "Soxisbad_m8"}, "29rbyudpcet6wdy3iidd4": {"maps": 34, "user_name": "TLTT"}, "2abebn7t4lq4ydl89oxje": {"maps": 34, "user_name": "FruitByTheFist"}, "2blld08xnu1l7ymi7qgdk": {"maps": 33, "user_name": "breadgenix"}, "2cpxurzwvw294smzl1100": {"maps": 32, "user_name": "Mr.PaintVR"}, "2b98oapjfx05t5nq33xpp": {"maps": 32, "user_name": "crazysherman2"}, "29h977khi8k9jto97huhi": {"maps": 32, "user_name": "Nigelpc1"}, "2br3r3beexa8hy0yw4c6z": {"maps": 32, "user_name": "Llamaiabad_m8"}, "2cpa9h9ptjsorrhqkdf98": {"maps": 31, "user_name": "flightpro"}, "2bf5tjn2m3gdimm22z7w0": {"maps": 31, "user_name": "sillyboy69420"}, "2aqj12racvbkdg8ge3ns9": {"maps": 31, "user_name": "coleaaron"}, "29zta0isiiyznub5g9xhd": {"maps": 31, "user_name": "TheGalaxyOfYoutube"}, "29ezo6a90tadi40tflojy": {"maps": 30, "user_name": "fargoshark"}, "29r46v7djliny6t4rzvq7": {"maps": 30, "user_name": "22Joshi22"}, "2a0r12prnob1y78t7wqpn": {"maps": 30, "user_name": "Dyght_light"}, "2c0g0vag10vipkvj3jwq8": {"maps": 29, "user_name": "K_0_Z_M_I_C_6_O"}, "2c1aqs4qqftikofnp34sn": {"maps": 29, "user_name": "DUCK.l0v3r"}, "29vhvl94jvlw4vp4b019y": {"maps": 29, "user_name": "luhmao"}, "2d204s10qfnv6o6eo7adq": {"maps": 29, "user_name": "Moglooksmaxx"}, "29l4bgqjgc3prrst0udbe": {"maps": 29, "user_name": "kudcom"}, "29qt9i4e2th1db3i02aqm": {"maps": 28, "user_name": "OtterBoy.XD"}, "2bkj2x1tozu1cwg34wcpt": {"maps": 28, "user_name": "8875rx"}, "2a2x6ld8bmv9k29y6yusw": {"maps": 28, "user_name": "DamondStrke"}, "2atmggb72y45qsxf13tp9": {"maps": 27, "user_name": "ky_sky_hi"}, "2a0ww6psn1b42o4ziik88": {"maps": 27, "user_name": "logical.on.yt"}, "2b2blw9h5ie7l6qe19wcd": {"maps": 27, "user_name": "Notsuns"}, "2c8yr1d2s5ohk9i9gm71i": {"maps": 27, "user_name": "someone5K15"}, "2c1ac2ajubr0ftd3d0gsd": {"maps": 27, "user_name": "Julian_fun"}, "2a7dpr68r014rdkz6927a": {"maps": 26, "user_name": "Auran_Simia"}, "2ajh3ta3oul1bb2sw66r5": {"maps": 26, "user_name": "freezeeduck"}, "2bin1svp2pxxdp7o4gzfq": {"maps": 26, "user_name": "nobody_cares1"}, "2crrh5raukrhmhqn636jc": {"maps": 24, "user_name": "WinterIsGreatAndAwesome"}, "29px3pmrktk2sms8qmvqb": {"maps": 24, "user_name": "CokeDeeee"}, "2abovr5t3alegxugovv4u": {"maps": 24, "user_name": "TalenMunster"}, "2b1yhtt9dln698lx9zfk9": {"maps": 23, "user_name": "bearhuff.2022"}, "29uv38c0g6ybrxlaql9or": {"maps": 23, "user_name": "nolan8420"}, "2bterl3ccauezuz1slu3y": {"maps": 23, "user_name": "phantomzombie.2023"}, "2adovour26vo00yaxq9qy": {"maps": 23, "user_name": "JaxsonFish"}, "29v9vd6n9z45d16mi2o2n": {"maps": 22, "user_name": "JeffBobDude"}, "2ajxbqgtr5i44pfhwwsyh": {"maps": 22, "user_name": "vessel_void"}, "29nw8ne8bffda9wwqztbw": {"maps": 22, "user_name": "speeder2"}, "29rc9qly684jasyqr77ib": {"maps": 21, "user_name": "Gamergirl2245"}, "29udv6q207r9ehlyn3zp1": {"maps": 21, "user_name": "Sherbear79"}, "2b2lp1j2rdj3s2n51s946": {"maps": 20, "user_name": "mr.humpster"}, "29xhrstf60rvox795h7cx": {"maps": 20, "user_name": "Griffster17"}, "2bs9a0kjj1uhssit33q3e": {"maps": 20, "user_name": "BernanaBread"}, "2bs7p3dm54cenmzgxuyqf": {"maps": 20, "user_name": "YoohooVr.2024"}, "2bns26w3fm3mw3878kl5j": {"maps": 20, "user_name": "PurplrVr"}, "2b0an06iko4dlrx80hzts": {"maps": 20, "user_name": "trippie-kidd"}, "2bmmn2miw2opz93rsr4wf": {"maps": 20, "user_name": "Cernsberger"}, "2b9nzi1l8bepm47u5mj24": {"maps": 20, "user_name": "slapwe"}, "2am0wmjg6f7bb5vqdvrsj": {"maps": 19, "user_name": "Mr_Owl42"}, "2aer1ouapoy5r6fidnezr": {"maps": 19, "user_name": "AzimuthGT"}, "29j5kd62qrg5797wiiwpx": {"maps": 19, "user_name": "Nash_human"}, "29feerg2ecrx9pn03x00c": {"maps": 19, "user_name": "Player36"}, "2c0jd4vvao1gicgwtbgp1": {"maps": 18, "user_name": "muffin3553857"}, "2b9eo4wv9mw79xnivckk0": {"maps": 18, "user_name": "YoshiBigBum"}, "2ajwhp4euhkiu59dj2w35": {"maps": 18, "user_name": "player_352"}, "2a7dx97v4xiepfpmj8gi4": {"maps": 18, "user_name": "Levi__athan"}, "2ae5dh3d11sasaq41z1fc": {"maps": 18, "user_name": "ZURRR_111"}, "2bgtghm4bwjm8q8mb8zja": {"maps": 18, "user_name": "Alphawolf36"}, "2bcw05auge92xtehn42vj": {"maps": 18, "user_name": "popten47VR"}, "29zgvg9pdy7lpk2szi6pc": {"maps": 17, "user_name": "davidmhind"}, "29l5545g062rp81w2y8d8": {"maps": 17, "user_name": "Nexus0"}, "2bictdioy8cpavln3xife": {"maps": 17, "user_name": "dom734"}, "2ban48bn4bd13rt3ys7ul": {"maps": 17, "user_name": "carter.681313"}, "2bi209d7xu74t28akck0f": {"maps": 17, "user_name": "BRICHAGA"}, "29v7arq32z3sojd9r6e9o": {"maps": 17, "user_name": "ThePnut73"}, "2bjxfndgtanz81tc9m38c": {"maps": 17, "user_name": "lvffy"}, "29gmek2pnwqqx27g565hs": {"maps": 16, "user_name": "Stand.i"}, "2dchvqvksaapd3bqjtmai": {"maps": 16, "user_name": "Jack_Attack27"}, "2a6m0xryb0e3g41mmx400": {"maps": 16, "user_name": "DarkYt.Official"}, "29qeyt8s1biu4e22e8653": {"maps": 16, "user_name": "brandonhamrick"}, "2a6menzbhaidlzwzsun01": {"maps": 16, "user_name": "TowersJJJ"}, "2b4n1vl3nhjt4d3ognob5": {"maps": 16, "user_name": "TheBizzorst"}, "2b7djrxoy32zfr0tx703g": {"maps": 16, "user_name": "FURRYTWO"}, "2apqgju0ttomc3mztt3p6": {"maps": 16, "user_name": "iSkype"}, "2aw06b0if6j71h3ukt2ir": {"maps": 16, "user_name": "Masterpay"}, "29qyifkrtj57y85tpv5i5": {"maps": 16, "user_name": "xani13"}, "29mo8es458607q0r7uy2z": {"maps": 16, "user_name": "PeeRooo"}, "2ak1g71asjprcy39df3pq": {"maps": 15, "user_name": "GumballKitte"}, "2a5tmooekkv5jsivblp0z": {"maps": 15, "user_name": "gamedragon546"}, "2bd1r9wgsjgknzuq8cjb8": {"maps": 15, "user_name": "duckcellent"}, "2c8189pfebzukqf6z3s8f": {"maps": 15, "user_name": "fireworkexplode"}, "2b6xz7gf4az5gx4nxfyk0": {"maps": 15, "user_name": "Frevr"}, "29rmundy78vdxwvlpopju": {"maps": 15, "user_name": "MillieBugler"}, "2adzwp11ucp0bwkdzol7g": {"maps": 14, "user_name": "bargle.my.galls"}, "2c2s3qqj74kp2u4etjllh": {"maps": 14, "user_name": "ItsNoobTubeHere"}, "2byiugl45e5jm6z2oafye": {"maps": 14, "user_name": "mattenvurg"}, "2cmoxwv8ddfsibgefwf15": {"maps": 14, "user_name": "Meik123468"}, "2bb7ndvntrf86g47ciwxn": {"maps": 14, "user_name": "Danny_tyd"}, "2cx6lqyme29k8fh602jdz": {"maps": 14, "user_name": "gamer_donnie"}, "2c0thog90hlqxikvjtop3": {"maps": 13, "user_name": "PenguinVr1"}, "29ja0n94r4y9qwvmtotne": {"maps": 13, "user_name": "Spacedude2076"}, "2c0lrcakw7ge2uyuuqfk3": {"maps": 13, "user_name": "Doodl3sss1512"}, "2dgc1tamx4fm1snq8lw4p": {"maps": 13, "user_name": "Monkii"}, "2a0qn18imtwvlnkmb6k62": {"maps": 13, "user_name": "MeanBeatle"}, "2a4lsr3j8bypkewcx9s90": {"maps": 13, "user_name": "MiloJenSopha"}, "2awf62f0y60gptc9cbecf": {"maps": 13, "user_name": "Eclipse_Queen"}, "2ayn5nwcumkozm1o6tkng": {"maps": 13, "user_name": "SneakySnitty"}, "2b0ownn523djzwjdykwk5": {"maps": 13, "user_name": "ZnZeeX"}, "2cchrywqjushootzm9j37": {"maps": 12, "user_name": "D.V.A.D.FAST"}, "2aqk2f39o44nxz0yixbas": {"maps": 12, "user_name": "gage_rod"}, "2ao6urm519y3ttg54n20m": {"maps": 12, "user_name": "YLLF"}, "2c8c2dxbutxt7bi26xwwf": {"maps": 12, "user_name": "V1de0"}, "29prp534vnw8llkf0v0qm": {"maps": 12, "user_name": "ForevrGrab"}, "29t4nbsay09neyp02t8xs": {"maps": 12, "user_name": "mace_music"}, "2c52qodt76x8fn8o23su1": {"maps": 12, "user_name": "Oreo_on_vr"}, "29w8gsv3mk84h6d7mqerm": {"maps": 12, "user_name": "SDoglikestea"}, "2a33b1vaktmxzo9wiftam": {"maps": 12, "user_name": "ItsTrickyTrickyDicky"}, "2aclx1n5qxqcbkv0lrq7f": {"maps": 12, "user_name": "The300rulers"}, "2aegug4x23jjnj2ehnjyl": {"maps": 11, "user_name": "rowshamb0wy_yt"}, "2cb95zsdkaravau7jt6uc": {"maps": 11, "user_name": "ZEKE11614"}, "2avkzdcw9mb5eb80bremk": {"maps": 11, "user_name": "pumpkinking27"}, "2d4n4ezbg76rgxsbnihbt": {"maps": 11, "user_name": "yourlucky.pupies"}, "29rc4l5ku91x59j0gpt62": {"maps": 11, "user_name": "Levigg62"}, "2buqqmb35t3d4gapeqdl2": {"maps": 11, "user_name": "Tgunn"}, "2akd6s7rgta6k4s0inp6w": {"maps": 11, "user_name": "Strictbrick"}, "2chr39p0bdzfbxzatpcp4": {"maps": 11, "user_name": "DOTfindex"}, "2ckn0x9luzt9bagew8ff0": {"maps": 11, "user_name": "artist0_0"}, "2cj6360mb3vzq6m87idlc": {"maps": 11, "user_name": "brant.709581"}, "2a8n6dwem2urcqsw7d3n3": {"maps": 11, "user_name": "NervTubeYT"}, "2aejscunjtm5ktmn0lh0w": {"maps": 11, "user_name": "LowkeyVrPro"}, "2aam8hifpkmxcnikfk70u": {"maps": 11, "user_name": "christsam36"}, "29gxvwgp4rocvtz3avyn6": {"maps": 11, "user_name": "Dean_Barrett"}, "2bg195n83kte9xtt0aqpm": {"maps": 11, "user_name": "flashesvr"}, "2atyf22qbskws1wm0d01s": {"maps": 11, "user_name": "Demonhunter0601"}, "2a3do6ykbb3oogw62idpu": {"maps": 11, "user_name": "ShawboiZ"}, "29znojzmjwj5h2qlj8inb": {"maps": 10, "user_name": "Lukechungus"}, "2ahbiqnybqhctafayflco": {"maps": 10, "user_name": "nixmars"}, "2d1at1j92btck4gn2k1eg": {"maps": 10, "user_name": "Floridian33"}, "29t6ofzisqvkbl7002lj2": {"maps": 10, "user_name": "Snowlux"}, "2crhyw1azdxtw6dlg0rvq": {"maps": 10, "user_name": "Boomkill99"}, "2chflg2tepdncyx0hhdlw": {"maps": 10, "user_name": "GBH003"}, "2b9yu7meupyl397ba77qs": {"maps": 10, "user_name": "Finelll"}, "2cb1mrtuatrugbggcaxh8": {"maps": 10, "user_name": "GG.9999"}, "2ay9po2nzhygd2lov96uh": {"maps": 10, "user_name": "San8102"}, "2cacmcjjjwu3dggh0walm": {"maps": 10, "user_name": "brad.601199"}, "2a0yppin50f1m1kzcyrbr": {"maps": 10, "user_name": "oasislee"}}, "impossible": {}}