[{"identifier": "29wvwcyosrr43a72at6m5:1718827523", "title": "The 5 Levels of Torture", "complexity": 838, "update_timestamp": 1723077001570, "creation_timestamp": 1723077001570, "creators": ["Poggggg"], "tags": ["ok"], "statistics": {"total_played": 3100, "difficulty": 0, "difficulty_string": "impossible", "liked": 0, "time": 100}, "images": {"thumb": {"key": "level_29wvwcyosrr43a72at6m5_1718827523_1_thumb.png"}}, "change": 600}, {"identifier": "29sgp24f1uorbc6vq8d2k:1722091030", "title": "SKILLS ONLY 7 SUPERBUFFED", "complexity": 2826, "update_timestamp": 1723147870817, "creation_timestamp": 1723147870817, "creators": [".index", " BLUDUK"], "tags": ["ok"], "statistics": {"total_played": 1700, "difficulty": 0, "difficulty_string": "impossible", "liked": 0, "time": 100}, "images": {"thumb": {"key": "level_29sgp24f1uorbc6vq8d2k_1722091030_1_thumb.png"}}, "change": 300}, {"identifier": "2blgd8unf5ztm9e6b6e8m:1720375358", "title": "Fear", "complexity": 2035, "update_timestamp": 1722380980779, "creation_timestamp": 1722380980779, "creators": ["Hargrave"], "tags": ["ok"], "statistics": {"total_played": 2100, "difficulty": 0, "difficulty_string": "impossible", "liked": 0, "time": 100}, "images": {"thumb": {"key": "level_2blgd8unf5ztm9e6b6e8m_1720375358_6_thumb.png"}}, "change": 100}, {"identifier": "2b8xxpb13ie10xo6oufdc:1717813550", "title": "Wasted Summer", "complexity": 1962, "update_timestamp": 1719633454760, "creation_timestamp": 1719632497272, "creators": ["Sox", "BernanaBread"], "tags": ["ok"], "statistics": {"total_played": 4100, "difficulty": 0, "difficulty_string": "impossible", "liked": 0, "time": 100}, "images": {"thumb": {"key": "level_2b8xxpb13ie10xo6oufdc_1717813550_1_thumb.png"}}, "iteration": 2, "change": 100}, {"identifier": "2cmndb6aqd04eegbagxbo:1719341591", "title": "Pyramid Ascent", "complexity": 630, "update_timestamp": 1719609493485, "creation_timestamp": 1719609493485, "creators": ["vestria", "Llama"], "tags": ["ok"], "statistics": {"total_played": 5300, "difficulty": 0, "difficulty_string": "impossible", "liked": 0, "time": 100}, "images": {"thumb": {"key": "level_2cmndb6aqd04eegbagxbo_1719341591_1_thumb.png"}}, "change": 100}, {"identifier": "2czbtyaqtbjo89sut7jqd:1713407280", "title": "FitArtist NEVER CLEAR", "complexity": 2788, "update_timestamp": 1715202625501, "creation_timestamp": 1715202625501, "creators": ["Thezra"], "tags": ["ok"], "statistics": {"total_played": 8400, "difficulty": 0, "difficulty_string": "impossible", "liked": 0, "time": 100}, "images": {"thumb": {"key": "level_2czbtyaqtbjo89sut7jqd_1713407280_1_thumb.png"}}, "change": 100}, {"identifier": "29sgp24f1uorbc6vq8d2k:1681631795", "title": "SKILLS ONLY 5 SUPERBUFFED", "complexity": 2454, "update_timestamp": 1713353801057, "creation_timestamp": 1681633684005, "creators": [".index", " BLUDUK"], "tags": ["ok"], "statistics": {"total_played": 9000, "difficulty": 0, "difficulty_string": "impossible", "liked": 0, "time": 100}, "images": {"thumb": {"key": "level_29sgp24f1uorbc6vq8d2k_1681631795_3_thumb.png"}}, "iteration": 5, "change": 100}, {"identifier": "29sgp24f1uorbc6vq8d2k:1704720535", "title": "THE GRID", "complexity": 2328, "update_timestamp": 1709873735653, "creation_timestamp": 1709873735653, "creators": [".index"], "tags": ["ok"], "statistics": {"total_played": 33600, "difficulty": 0, "difficulty_string": "impossible", "liked": 0, "time": 100}, "images": {"thumb": {"key": "level_29sgp24f1uorbc6vq8d2k_1704720535_1_thumb.png"}}, "change": 400}, {"identifier": "2ay9po2nzhygd2lov96uh:1673488885", "title": "Override", "complexity": 1497, "update_timestamp": 1673651554874, "creation_timestamp": 1673651554874, "creators": ["san8102"], "tags": ["ok"], "statistics": {"total_played": 200, "difficulty": 0.005714285714285714, "liked": 0, "time": 669.879, "difficulty_string": "veryhard"}, "images": {"thumb": {"key": "level_2ay9po2nzhygd2lov96uh_1673488885_1_thumb.png"}}, "change": 0}, {"identifier": "29mu59yo9pbgwqloqhthe:1700955740", "title": "The challenge", "complexity": 2869, "update_timestamp": 1716172076313, "creation_timestamp": 1703639626231, "creators": ["LittleBeastM8. also love you dotindex"], "tags": ["ok"], "statistics": {"total_played": 46400, "difficulty": 0, "difficulty_string": "impossible", "liked": 0, "time": 100}, "images": {"thumb": {"key": "level_29mu59yo9pbgwqloqhthe_1700955740_4_thumb.png"}}, "iteration": 6, "change": 400}, {"identifier": "29sgp24f1uorbc6vq8d2k:lobby-temple", "title": "Mount Annoying", "complexity": 2997, "update_timestamp": 1703670462808, "creation_timestamp": 1664017912575, "creators": ["JeffBobDude", ".index", "graythegamer", "EBSpark"], "tags": ["ok"], "statistics": {"total_played": 1400, "difficulty": 0.02, "liked": 0.71, "time": 106.08, "difficulty_string": "hard"}, "images": {"thumb": {"key": "level_29sgp24f1uorbc6vq8d2k_lobby-temple_3_thumb.png"}}, "iteration": 3, "change": 0}, {"identifier": "29mu59yo9pbgwqloqhthe:1690745443", "title": "Impossible", "complexity": 229, "update_timestamp": 1722546072852, "creation_timestamp": 1690755852015, "tags": ["ok"], "statistics": {"total_played": 25700, "difficulty": 0, "difficulty_string": "impossible", "liked": 0, "time": 100}, "images": {"thumb": {"key": "level_29mu59yo9pbgwqloqhthe_1690745443_1_thumb.png"}}, "iteration": 3, "creators": ["?"], "change": 200}, {"identifier": "29z2lqii1qj785y6d1if1:1651543569", "title": "DEATH WALL!!!", "complexity": 2429, "update_timestamp": 1690154634034, "creation_timestamp": 1651706608670, "creators": ["JC025"], "tags": ["ok"], "statistics": {"total_played": 1441, "difficulty": 0, "liked": 0, "time": 653.32, "difficulty_string": "veryhard"}, "iteration": 2, "change": 0}, {"identifier": "29px3pmrktk2sms8qmvqb:1680137603", "title": "BOGISBLING", "complexity": 2067, "update_timestamp": 1680221866575, "creation_timestamp": 1680152757168, "creators": ["cokedeee", "NSKC7 .index"], "tags": ["ok"], "statistics": {"total_played": 900, "difficulty": 0.004920049200492005, "liked": 1, "time": 848.759, "difficulty_string": "veryhard"}, "iteration": 2, "change": 0}, {"identifier": "2am015n3aa6sebl0p6923:1664734143", "title": "Icy grab", "complexity": 1698, "update_timestamp": 1679716309099, "creation_timestamp": 1664754917004, "creators": ["rougueRunner"], "tags": ["ok"], "statistics": {"total_played": 1500, "difficulty": 0.01, "liked": 0.93, "time": 203.16, "difficulty_string": "hard"}, "iteration": 2, "change": 0}, {"identifier": "2a330dj0lwxto6urn4k9u:1679356609", "title": "Cave Climb", "complexity": 2002, "update_timestamp": 1679561647052, "creation_timestamp": 1679561647052, "creators": ["GalNightWatcher"], "tags": ["ok"], "statistics": {"total_played": 1200, "difficulty": 0, "liked": 1, "time": 81.69, "difficulty_string": "veryhard"}, "change": 0}, {"identifier": "29mc501iuopo8ve907ygx:1668382145", "title": "Iron Math", "complexity": 1496, "update_timestamp": 1679458652571, "creation_timestamp": 1679456352464, "creators": ["Fulzury"], "tags": ["ok"], "statistics": {"total_played": 1200, "difficulty": 0, "time": 591.4, "difficulty_string": "veryhard", "liked": 0}, "iteration": 3, "change": 0}, {"identifier": "2am015n3aa6sebl0p6923:1679435176", "title": "City on The Sky", "complexity": 3000, "update_timestamp": 1679442199485, "creation_timestamp": 1679442199485, "creators": ["rougueRunner", "JeffBobDude"], "tags": ["ok"], "statistics": {"total_played": 1400, "difficulty": 0.01, "liked": 0.86, "time": 330.24, "difficulty_string": "veryhard"}, "change": 0}, {"identifier": "29rf0j9ksurlx1zybi2gm:1679100369", "title": "Frozen Forest", "complexity": 2203, "update_timestamp": 1679267148992, "creation_timestamp": 1679267148992, "creators": ["Doge786", "uklas"], "tags": ["ok"], "statistics": {"total_played": 1200, "difficulty": 0, "liked": 1, "time": 350.16, "difficulty_string": "veryhard"}, "change": 0}, {"identifier": "29hjipf56z6t12cp7lvo2:1679325848", "title": "mount count", "complexity": 1495, "update_timestamp": 1679334454232, "creation_timestamp": 1679334454232, "creators": ["by FE4RLESSS1", "dandestroys", "CoblerB1"], "tags": ["ok"], "statistics": {"total_played": 700, "difficulty": 0.02, "liked": 0.69, "time": 323.39, "difficulty_string": "hard"}, "change": 0}, {"identifier": "29srqtwaq08zzhp3kng3u:1679157899", "title": "the castle of parkour", "complexity": 2999, "update_timestamp": 1679221212220, "creation_timestamp": 1679221212220, "creators": ["CoblerB1", "Kookookrazy&BWLBuck"], "tags": ["ok"], "statistics": {"total_played": 1200, "difficulty": 0, "liked": 1, "time": 682.17, "difficulty_string": "veryhard"}, "change": 0}, {"identifier": "29f9x0rvdfyy91m6h95wn:1679194127", "title": "the lava cube", "complexity": 538, "update_timestamp": 1679203414269, "creation_timestamp": 1679203414269, "creators": ["pickle32"], "tags": ["ok"], "statistics": {"total_played": 700, "difficulty": 0, "liked": 1, "time": 325.29, "difficulty_string": "veryhard"}, "change": 0}, {"identifier": "29v9vd6n9z45d16mi2o2n:1671765009", "title": "alien open world", "complexity": 3000, "update_timestamp": 1671987002308, "creation_timestamp": 1671934185702, "creators": ["JeffBobDude", "Axs4ly", "KooKooKrazy", "CraftedFlames"], "tags": ["ok"], "statistics": {"total_played": 700, "difficulty": 0.01, "liked": 0.75, "time": 169.12, "difficulty_string": "veryhard"}, "iteration": 2, "change": 0}, {"identifier": "29ngj2xcdlinnuqz0vrw5:1675558991", "title": "Frosts Peak", "complexity": 2994, "update_timestamp": 1675629190172, "creation_timestamp": 1675629190172, "creators": ["CursedPhantom(RMB)", "Luhmao"], "tags": ["ok"], "statistics": {"total_played": 1000, "difficulty": 0, "time": 227.53, "difficulty_string": "veryhard", "liked": 0}, "change": 0}, {"identifier": "29sgp24f1uorbc6vq8d2k:1678780315", "title": ".index's icey climb", "complexity": 1885, "update_timestamp": 1678870063570, "creation_timestamp": 1678870063570, "creators": [".index (NSKC7)"], "tags": ["ok"], "statistics": {"total_played": 2000, "difficulty": 0, "liked": 1, "time": 1186.79, "difficulty_string": "veryhard"}, "images": {"thumb": {"key": "level_29sgp24f1uorbc6vq8d2k_1678780315_2_thumb.png"}}, "change": 0}, {"identifier": "2bcw05auge92xtehn42vj:1678573179", "title": "tringsbing 4 (T.S.B.4)", "complexity": 2979, "update_timestamp": 1678739198301, "creation_timestamp": 1678670615729, "creators": ["popten47VR"], "tags": ["ok"], "statistics": {"total_played": 700, "difficulty": 0, "liked": 1, "time": 985.54, "difficulty_string": "veryhard"}, "iteration": 2, "change": 0}, {"identifier": "2bcw05auge92xtehn42vj:1678481735", "title": "popten's fling difficulty chart", "complexity": 2078, "update_timestamp": 1678631811849, "creation_timestamp": 1678488544683, "creators": ["popten47VR", "killthesith", "steijeawesome"], "tags": ["ok"], "statistics": {"total_played": 1300, "difficulty": 0, "liked": 1, "time": 169.86, "difficulty_string": "veryhard"}, "iteration": 2, "change": 0}, {"identifier": "29px3pmrktk2sms8qmvqb:1674842108", "title": "sometime climb", "complexity": 1387, "update_timestamp": 1678427019616, "creation_timestamp": 1678427019616, "creators": ["cokedeee", "CursedPhantom"], "tags": ["ok"], "statistics": {"total_played": 1300, "difficulty": 0.0008650519031141869, "liked": 1, "time": 264.49, "difficulty_string": "veryhard"}, "change": 0}, {"identifier": "2af2v4lqxksl1ru5itxr1:1677774228", "title": "KillTheSith's Fling Difficulty Chart", "complexity": 3000, "update_timestamp": 1678439626169, "creation_timestamp": 1678439626169, "creators": ["KillTheSith"], "tags": ["ok"], "statistics": {"total_played": 1500, "difficulty": 0, "liked": 1, "time": 170.42, "difficulty_string": "veryhard"}, "images": {"thumb": {"key": "level_2af2v4lqxksl1ru5itxr1_1677774228_1_thumb.png"}}, "change": 0}, {"identifier": "29st9jdcbxxotp0t9d8en:1678310197", "title": "Lava Tunnel", "complexity": 2219, "update_timestamp": 1678330466078, "creation_timestamp": 1678330466078, "creators": ["Mystery8281"], "tags": ["ok"], "statistics": {"total_played": 1200, "difficulty": 0, "liked": 1, "time": 917.04, "difficulty_string": "veryhard"}, "images": {"thumb": {"key": "level_29st9jdcbxxotp0t9d8en_1678310197_1_thumb.png"}}, "change": 0}, {"identifier": "29v9vd6n9z45d16mi2o2n:1672414153", "title": "uncanny lvl 2 you're being watched", "complexity": 2508, "update_timestamp": 1672680175392, "creation_timestamp": 1672423141730, "creators": ["JeffBobDude", "Triplecyber57", "CobblerB1"], "tags": ["ok"], "statistics": {"total_played": 1300, "difficulty": 0, "liked": 1, "time": 180.62, "difficulty_string": "veryhard"}, "iteration": 2, "change": 0}, {"identifier": "29uo4gb383zks2eb02oja:1677380175", "title": "floating forest", "complexity": 2946, "update_timestamp": 1677444363148, "creation_timestamp": 1677444363148, "creators": ["cyclops_22"], "tags": ["ok"], "statistics": {"total_played": 1400, "difficulty": 0.0007974481658692185, "liked": 1, "time": 15.733, "difficulty_string": "veryhard"}, "change": 0}, {"identifier": "29ffxg2ijqxyrgxyy2vjj:1677004642", "title": "FROSTYs land o' hieghts", "complexity": 3000, "update_timestamp": 1677436033824, "creation_timestamp": 1677436033824, "creators": ["FROSTY_CROSS"], "tags": ["ok"], "statistics": {"total_played": 1400, "difficulty": 0, "time": 61.5, "difficulty_string": "veryhard", "liked": 0}, "images": {"thumb": {"key": "level_29ffxg2ijqxyrgxyy2vjj_1677004642_1_thumb.png"}}, "change": 0}, {"identifier": "29px3pmrktk2sms8qmvqb:1677520990", "title": "the basic parkour", "complexity": 536, "update_timestamp": 1677523111618, "creation_timestamp": 1677523111618, "creators": ["cokedeee Otterboy06"], "tags": ["ok"], "statistics": {"total_played": 1300, "difficulty": 0, "liked": 1, "time": 242.73, "difficulty_string": "veryhard"}, "change": 0}, {"identifier": "29px3pmrktk2sms8qmvqb:1677281499", "title": "mt.coke climb", "complexity": 556, "update_timestamp": 1677283588943, "creation_timestamp": 1677283588943, "creators": ["cokedeee"], "tags": ["ok"], "statistics": {"total_played": 500, "difficulty": 0.00847457627118644, "liked": 1, "time": 222.91925, "difficulty_string": "veryhard"}, "change": 0}, {"identifier": "29v72i7u8jyvqdgs68wmz:1677287639", "title": "Ooga Booga 0: Prolouge", "complexity": 2999, "update_timestamp": 1677342658740, "creation_timestamp": 1677342658740, "creators": ["Spibsboft", "Kookookrazy"], "tags": ["ok"], "statistics": {"total_played": 1800, "difficulty": 0.01, "liked": 0.63, "time": 504.81, "difficulty_string": "veryhard"}, "change": 0}, {"identifier": "29z0xnmo2bj7t5r2xfed1:1677186587", "title": "escape hell", "complexity": 1498, "update_timestamp": 1677197891219, "creation_timestamp": 1677197891219, "creators": ["gman2giant"], "tags": ["ok"], "statistics": {"total_played": 1800, "difficulty": 0, "liked": 0.67, "time": 1628.59, "difficulty_string": "veryhard"}, "change": 0}, {"identifier": "2a7kcrctb9fpib14lilnx:1676242808", "title": "just a C L I M B", "complexity": 2987, "update_timestamp": 1676253645673, "creation_timestamp": 1676253645673, "tags": ["ok"], "statistics": {"total_played": 1500, "difficulty": 0.006751687921980495, "liked": 0.42857142857142855, "time": 444.7202222222223, "difficulty_string": "veryhard"}, "change": 0}, {"identifier": "29z0xnmo2bj7t5r2xfed1:1675372397", "title": "iced out", "complexity": 1500, "update_timestamp": 1675627762906, "creation_timestamp": 1675627762906, "creators": ["gman2giant", "rouguerunner"], "tags": ["ok"], "statistics": {"total_played": 1200, "difficulty": 0, "liked": 1, "time": 1779.08, "difficulty_string": "veryhard"}, "images": {"thumb": {"key": "level_29z0xnmo2bj7t5r2xfed1_1675372397_1_thumb.png"}}, "change": 0}, {"identifier": "2b9of98ekx7v5z9ryabau:1676966043", "title": "doom detremental", "complexity": 1496, "update_timestamp": 1676970683150, "creation_timestamp": 1676970683150, "creators": ["spencermanzz"], "tags": ["ok"], "statistics": {"total_played": 1200, "difficulty": 0.0009363295880149813, "liked": 1, "time": 412.73, "difficulty_string": "veryhard"}, "change": 0}, {"identifier": "2b9of98ekx7v5z9ryabau:1676406878", "title": "silence of the lava", "complexity": 1497, "update_timestamp": 1676427200863, "creation_timestamp": 1676427200863, "creators": ["spencermanzz"], "tags": ["ok"], "statistics": {"total_played": 800, "difficulty": 0.001326259946949602, "liked": 1, "time": 133.075, "difficulty_string": "veryhard"}, "change": 0}, {"identifier": "2b9of98ekx7v5z9ryabau:1676799737", "title": "RedMist", "complexity": 1487, "update_timestamp": 1676881547275, "creation_timestamp": 1676870704704, "creators": ["spencermanzz and niko"], "tags": ["ok"], "statistics": {"total_played": 800, "difficulty": 0, "liked": 0, "time": 1775.87, "difficulty_string": "veryhard"}, "iteration": 2, "change": 0}, {"identifier": "2ay9po2nzhygd2lov96uh:Illegal-Colors", "title": "Monovoid", "complexity": 3000, "update_timestamp": 1677343069433, "creation_timestamp": 1676920034074, "creators": ["san8102", "CraftedFlames"], "tags": ["ok"], "statistics": {"total_played": 900, "difficulty": 0.01, "liked": 1, "time": 476.61, "difficulty_string": "veryhard"}, "iteration": 2, "change": 0}, {"identifier": "29rkswgx13q8mej7mxdg6:1676164527", "title": "Froze INN Test1ng", "complexity": 2807, "update_timestamp": 1676230437673, "creation_timestamp": 1676230437673, "creators": ["AFT_Daring"], "tags": ["ok"], "statistics": {"total_played": 1100, "difficulty": 0, "liked": 0.5, "time": 111.5, "difficulty_string": "veryhard"}, "images": {"thumb": {"key": "level_29rkswgx13q8mej7mxdg6_1676164527_1_thumb.png"}}, "change": 0}, {"identifier": "2a7bbqyw83p77rulpvfjc:1676156191", "title": "ultimate beanstock", "complexity": 2999, "update_timestamp": 1676167802671, "creation_timestamp": 1676167802671, "creators": ["colvillian and raeville"], "tags": ["ok"], "statistics": {"total_played": 1300, "difficulty": 0, "liked": 1, "time": 831.37, "difficulty_string": "veryhard"}, "images": {"thumb": {"key": "level_2a7bbqyw83p77rulpvfjc_1676156191_1_thumb.png"}}, "change": 0}, {"identifier": "2aintaldsrs17a0frbyup:1675538827", "title": "Mos Eisley Parkour Space Port", "complexity": 2959, "update_timestamp": 1676143652945, "creation_timestamp": 1676143652945, "creators": ["Raeville"], "tags": ["ok"], "statistics": {"total_played": 1500, "difficulty": 0.0036900369003690036, "liked": 1, "time": 481.12399999999997, "difficulty_string": "veryhard"}, "images": {"thumb": {"key": "level_2aintaldsrs17a0frbyup_1675538827_1_thumb.png"}}, "change": 0}, {"identifier": "29zi1i5pkbtg4nxgtl2ah:1671966502", "title": "red death", "complexity": 854, "update_timestamp": 1672806479004, "creation_timestamp": 1672806479004, "creators": ["Johnny_boi37", "Colvillian"], "tags": ["ok"], "statistics": {"total_played": 1200, "difficulty": 0, "liked": 1, "time": 81.89, "difficulty_string": "veryhard"}, "change": 0}, {"identifier": "2auagl7xa2yy85q94u71c:1673746493", "title": "satans palace", "complexity": 2077, "update_timestamp": 1673819600698, "creation_timestamp": 1673819600698, "creators": ["Hinduix", "mystery8281"], "tags": ["ok"], "statistics": {"total_played": 900, "difficulty": 0.002369668246445498, "liked": 1, "time": 239.4395, "difficulty_string": "veryhard"}, "change": 0}, {"identifier": "29iz7lwjt8f9l20uvr28b:1675738313", "title": "dwrop top MT", "complexity": 2848, "update_timestamp": 1675817026739, "creation_timestamp": 1675817026739, "creators": ["d2whiplash and hyper"], "tags": ["ok"], "statistics": {"total_played": 1300, "difficulty": 0, "liked": 1, "time": 55.02, "difficulty_string": "veryhard"}, "images": {"thumb": {"key": "level_29iz7lwjt8f9l20uvr28b_1675738313_1_thumb.png"}}, "change": 0}, {"identifier": "29v9vd6n9z45d16mi2o2n:1675723570", "title": "steampunk tower", "complexity": 2899, "update_timestamp": 1675731483889, "creation_timestamp": 1675731483889, "creators": ["jeffbob", "dallas11x", "BWLbuck"], "tags": ["ok"], "statistics": {"total_played": 1500, "difficulty": 0.006583760058522311, "liked": 0.875, "time": 697.0884444444445, "difficulty_string": "veryhard"}, "change": 0}, {"identifier": "29uo4gb383zks2eb02oja:1675383295", "title": "TIME LOOP 2  CyberCity", "complexity": 2960, "update_timestamp": 1675450953415, "creation_timestamp": 1675450953415, "creators": ["Cyclops_22 MiloJenSopha"], "tags": ["ok"], "statistics": {"total_played": 1500, "difficulty": 0, "liked": 1, "time": 817.43, "difficulty_string": "veryhard"}, "change": 0}, {"identifier": "29st9jdcbxxotp0t9d8en:1675368464", "title": "Grassy Jumps", "complexity": 2486, "update_timestamp": 1675370164865, "creation_timestamp": 1675370164865, "creators": ["Mystery8281"], "tags": ["ok"], "statistics": {"total_played": 1000, "difficulty": 0, "liked": 1, "time": 262.12, "difficulty_string": "veryhard"}, "images": {"thumb": {"key": "level_29st9jdcbxxotp0t9d8en_1675368464_1_thumb.png"}}, "change": 0}, {"identifier": "2ahcj7h43oouxb22ztqzj:1661724648", "title": "HellScape 2.0", "complexity": 342, "update_timestamp": 1661998797769, "creation_timestamp": 1661998797769, "creators": ["Peechy"], "tags": ["ok"], "statistics": {"total_played": 2384, "difficulty": 0, "liked": 1, "time": 951.84, "difficulty_string": "veryhard"}, "change": 0}, {"identifier": "2a7kcrctb9fpib14lilnx:1671324555", "title": "neon party", "complexity": 627, "update_timestamp": 1671390858651, "creation_timestamp": 1671390858651, "tags": ["ok"], "statistics": {"total_played": 1100, "difficulty": 0, "liked": 0.5, "time": 625.21, "difficulty_string": "veryhard"}, "change": 0}, {"identifier": "29ngj2xcdlinnuqz0vrw5:1674521248", "title": "Scenic Jumps", "complexity": 2904, "update_timestamp": 1674539338642, "creation_timestamp": 1674539338642, "creators": ["CursedPhantom", "Blocky", "Craftedflames"], "tags": ["ok"], "statistics": {"total_played": 1100, "difficulty": 0, "liked": 1, "time": 160.41, "difficulty_string": "veryhard"}, "change": 0}, {"identifier": "29v9vd6n9z45d16mi2o2n:1674856951", "title": "skill climb", "complexity": 2997, "update_timestamp": 1674868662842, "creation_timestamp": 1674868662842, "creators": ["jeffbobdude", "draymay702", "ebspark", "drippy_dino", "tratray2011", "mramazing13"], "tags": ["ok"], "statistics": {"total_played": 1300, "difficulty": 0, "liked": 0.67, "time": 649.35, "difficulty_string": "veryhard"}, "change": 100}, {"identifier": "29z2lqii1qj785y6d1if1:1674879872", "title": "THE ULTIMATE CHALLENGE!!! PT1", "complexity": 1918, "update_timestamp": 1674887149630, "creation_timestamp": 1674887149630, "creators": ["JC025"], "tags": ["ok"], "statistics": {"total_played": 1200, "difficulty": 0, "liked": 1, "time": 305.44, "difficulty_string": "veryhard"}, "change": 0}, {"identifier": "29y3li8o9b5drhlnqj46t:1674690123", "title": "tower of suffer", "complexity": 99, "update_timestamp": 1674691302391, "creation_timestamp": 1674691302391, "creators": ["pumkinman2k guardian244"], "tags": ["ok"], "statistics": {"total_played": 900, "difficulty": 0, "liked": 1, "time": 32.07, "difficulty_string": "veryhard"}, "change": 0}, {"identifier": "2b1y9u48nw768hjmlddix:1674589850", "title": "The Huge Tree", "complexity": 1485, "update_timestamp": 1674598934865, "creation_timestamp": 1674598934865, "creators": ["Cleanz"], "tags": ["ok"], "statistics": {"total_played": 1300, "difficulty": 0, "liked": 1, "time": 174.03, "difficulty_string": "veryhard"}, "change": 0}, {"identifier": "2ajh3ta3oul1bb2sw66r5:1673825577", "title": "waste of time", "complexity": 288, "update_timestamp": 1674431662161, "creation_timestamp": 1674431662161, "creators": ["freezeeduck"], "tags": ["ok"], "statistics": {"total_played": 900, "difficulty": 0, "liked": 1, "time": 140.43, "difficulty_string": "veryhard"}, "change": 0}, {"identifier": "2aintaldsrs17a0frbyup:1673794975", "title": "Star Wars: ep 3 - Mustafar Lava Parkour", "complexity": 2999, "update_timestamp": 1675009946546, "creation_timestamp": 1674342360695, "creators": ["RaeVille Colvillian"], "tags": ["ok"], "statistics": {"total_played": 1800, "difficulty": 0.001851851851851852, "liked": 1, "time": 103.46304166666668, "difficulty_string": "veryhard"}, "images": {"thumb": {"key": "level_2aintaldsrs17a0frbyup_1673794975_1_thumb.png"}}, "iteration": 3, "change": 0}, {"identifier": "29vwpoz1ta63oys21bvfv:1672485091", "title": "rage obby 7", "complexity": 2960, "update_timestamp": 1674057546733, "creation_timestamp": 1674057546733, "creators": ["dandestroys"], "tags": ["ok"], "statistics": {"total_played": 3500, "difficulty": 0.0018248175182481751, "liked": 1, "time": 583.706, "difficulty_string": "veryhard"}, "change": 0}, {"identifier": "29ngj2xcdlinnuqz0vrw5:1671937468", "title": "Dimension - Arching Islands - 2", "complexity": 2991, "update_timestamp": 1674323341589, "creation_timestamp": 1672681420670, "creators": ["Cursedphantom(RMB)", "Jeffbobdude", "Levi8020"], "tags": ["ok"], "statistics": {"total_played": 1400, "difficulty": 0, "liked": 1, "time": 198.44, "difficulty_string": "veryhard"}, "iteration": 4, "change": 0}, {"identifier": "29ngj2xcdlinnuqz0vrw5:1672252083", "title": "Dimensions - Crystal Cavern - 4", "complexity": 2997, "update_timestamp": 1672698337589, "creation_timestamp": 1672698337589, "creators": ["Cursedphantom(RMB)"], "tags": ["ok"], "statistics": {"total_played": 1200, "difficulty": 0, "time": 221.46, "difficulty_string": "veryhard", "liked": 0}, "change": 0}, {"identifier": "29ngj2xcdlinnuqz0vrw5:1673731712", "title": "Dimensions - Towering Desert - 6", "complexity": 2930, "update_timestamp": 1674322719756, "creation_timestamp": 1673822005150, "creators": ["Cursedphantom(RMB)", "Levi8020", "Craftedflames", "Hinduix"], "tags": ["ok"], "statistics": {"total_played": 1100, "difficulty": 0, "liked": 1, "time": 210, "difficulty_string": "veryhard"}, "iteration": 2, "change": 0}, {"identifier": "29ngj2xcdlinnuqz0vrw5:1672460402", "title": "Dimensions - A New Job - 1", "complexity": 2988, "update_timestamp": 1673212314863, "creation_timestamp": 1672642022652, "creators": ["Cursedphantom(RMB)"], "tags": ["ok"], "statistics": {"total_played": 1600, "difficulty": 0.01, "liked": 0.83, "time": 361.33, "difficulty_string": "veryhard"}, "iteration": 2, "change": 0}, {"identifier": "29ngj2xcdlinnuqz0vrw5:1672700130", "title": "Dimensions - Frozen Peaks - 5", "complexity": 2999, "update_timestamp": 1673744102301, "creation_timestamp": 1673744102301, "creators": ["Cursedphantom(RMB)"], "tags": ["ok"], "statistics": {"total_played": 1000, "difficulty": 0.0010869565217391304, "time": 2.64, "difficulty_string": "veryhard", "liked": 0}, "change": 0}, {"identifier": "29u8lbzxnv4wcge9uyhno:1667425510", "title": "The Only Way is Up, Pt.2", "complexity": 2997, "update_timestamp": 1673818099102, "creation_timestamp": 1673818099102, "creators": ["Efnaifun"], "tags": ["ok"], "statistics": {"total_played": 1100, "difficulty": 0, "liked": 1, "time": 237.1, "difficulty_string": "veryhard"}, "change": 0}, {"identifier": "2aintaldsrs17a0frbyup:1673191545", "title": "Star Wars: ep 5 - AT-AT  Attack (Hoth Escape)", "complexity": 3000, "update_timestamp": 1675008690786, "creation_timestamp": 1673648253771, "creators": ["Rae Ville Colvillian"], "tags": ["ok"], "statistics": {"total_played": 1000, "difficulty": 0.01, "liked": 1, "time": 492.4, "difficulty_string": "veryhard"}, "images": {"thumb": {"key": "level_2aintaldsrs17a0frbyup_1673191545_5_thumb.png"}}, "iteration": 2, "change": 0}, {"identifier": "29v9vd6n9z45d16mi2o2n:1673657343", "title": "mt.glorbie, lvl1", "complexity": 2994, "update_timestamp": 1673802670029, "creation_timestamp": 1673663858853, "creators": ["Jeffbobdude", "EBspark", "TheOfficialRoomba"], "tags": ["ok"], "statistics": {"total_played": 1600, "difficulty": 0, "liked": 1, "time": 909.51, "difficulty_string": "veryhard"}, "iteration": 2, "change": 0}, {"identifier": "29va2dsayt70amm3wemgb:1672358951", "title": "Mount: Death TORTURE Edition", "complexity": 2880, "update_timestamp": 1673152429668, "creation_timestamp": 1673152429668, "creators": ["cosmicwebbed"], "tags": ["ok"], "statistics": {"total_played": 900, "difficulty": 0, "liked": 1, "time": 33.25, "difficulty_string": "veryhard"}, "images": {"thumb": {"key": "level_29va2dsayt70amm3wemgb_1672358951_1_thumb.png"}}, "change": 0}, {"identifier": "2ak0ysv35egakgfilswpy:1671570481", "title": "Obscured Run", "complexity": 2986, "update_timestamp": 1673655605476, "creation_timestamp": 1673314563954, "creators": ["EBSpark"], "tags": ["ok"], "statistics": {"total_played": 2600, "difficulty": 0, "liked": 0.5, "time": 601.9, "difficulty_string": "veryhard"}, "iteration": 3, "change": 0}, {"identifier": "29txb67fpczg7fn4f2sim:1671653742", "title": "Fling Story: Devil's Courtyard (EP2)", "complexity": 3000, "update_timestamp": 1674348787355, "creation_timestamp": 1673241981557, "creators": ["BraydendoesVR"], "tags": ["ok"], "statistics": {"total_played": 2300, "difficulty": 0, "liked": 1, "time": 193.74, "difficulty_string": "veryhard"}, "iteration": 2, "change": 0}, {"identifier": "29uyvcxcuqnm4ekq7z5u0:1672004775", "title": "GRAB VR 6", "complexity": 3000, "update_timestamp": 1672886110294, "creation_timestamp": 1672876028016, "creators": ["Triplecyber57 JeffBobDude"], "tags": ["ok"], "statistics": {"total_played": 2300, "difficulty": 0.01, "liked": 0.83, "time": 485.6, "difficulty_string": "veryhard"}, "iteration": 2, "change": 0}, {"identifier": "29srqtwaq08zzhp3kng3u:1672409083", "title": "the run of death", "complexity": 1444, "update_timestamp": 1672503908969, "creation_timestamp": 1672503908969, "creators": ["CoblerB1"], "tags": ["ok"], "statistics": {"total_played": 1800, "difficulty": 0, "time": 322.51, "difficulty_string": "veryhard", "liked": 0}, "change": 0}, {"identifier": "29t6ofzisqvkbl7002lj2:1672253151", "title": "Odd 3", "complexity": 2977, "update_timestamp": 1672536263538, "creation_timestamp": 1672536263538, "creators": ["Snowyluxio"], "tags": ["ok"], "statistics": {"total_played": 1400, "difficulty": 0, "liked": 1, "time": 576.45, "difficulty_string": "veryhard"}, "images": {"thumb": {"key": "level_29t6ofzisqvkbl7002lj2_1672253151_1_thumb.png"}}, "change": 0}, {"identifier": "29srqtwaq08zzhp3kng3u:1672410857", "title": "lava flood city", "complexity": 2792, "update_timestamp": 1672418923624, "creation_timestamp": 1672418923624, "creators": ["CoblerB1", "Levi_athan"], "tags": ["ok"], "statistics": {"total_played": 1700, "difficulty": 0, "time": 18.41, "difficulty_string": "veryhard", "liked": 0}, "change": 0}, {"identifier": "29st9jdcbxxotp0t9d8en:1672356391", "title": "Winter Valley Climb", "complexity": 2696, "update_timestamp": 1672373358091, "creation_timestamp": 1672373358091, "creators": ["Mystery8281"], "tags": ["ok"], "statistics": {"total_played": 2300, "difficulty": 0.0025100401606425703, "liked": 0.75, "time": 378.1662, "difficulty_string": "veryhard"}, "images": {"thumb": {"key": "level_29st9jdcbxxotp0t9d8en_1672356391_2_thumb.png"}}, "change": 0}, {"identifier": "29rkswgx13q8mej7mxdg6:1672186743", "title": "MOUNTAINOUS", "complexity": 3000, "update_timestamp": 1672336003414, "creation_timestamp": 1672336003414, "creators": ["AFT_Daring", "JeffBobDude", "Triplecyber57", "and CursedPhantom"], "tags": ["ok"], "statistics": {"total_played": 1800, "difficulty": 0, "liked": 1, "time": 728.6, "difficulty_string": "veryhard"}, "images": {"thumb": {"key": "level_29rkswgx13q8mej7mxdg6_1672186743_1_thumb.png"}}, "change": 0}, {"identifier": "2b0ewgf1owhbv091xt1gd:1672333364", "title": "red and deid run", "complexity": 1000, "update_timestamp": 1672335217611, "creation_timestamp": 1672335217611, "creators": ["damien and levi_Athan"], "tags": ["ok"], "statistics": {"total_played": 1200, "difficulty": 0, "liked": 0, "time": 53.05, "difficulty_string": "veryhard"}, "change": 0}, {"identifier": "29ngj2xcdlinnuqz0vrw5:1671726986", "title": "Dimensions - Volcanic - 3", "complexity": 2999, "update_timestamp": 1672698130332, "creation_timestamp": 1671743889897, "creators": ["Cursedphantom(RMB)", "Electtriicc", "Jeffbobdude"], "tags": ["ok"], "statistics": {"total_played": 1800, "difficulty": 0, "liked": 1, "time": 110.49, "difficulty_string": "veryhard"}, "iteration": 2, "change": 0}, {"identifier": "29st9jdcbxxotp0t9d8en:1672004699", "title": "Lava Games", "complexity": 2053, "update_timestamp": 1672172652453, "creation_timestamp": 1672172652453, "creators": ["Mystery8281"], "tags": ["ok"], "statistics": {"total_played": 1700, "difficulty": 0, "time": 27.82, "difficulty_string": "veryhard", "liked": 0}, "images": {"thumb": {"key": "level_29st9jdcbxxotp0t9d8en_1672004699_1_thumb.png"}}, "change": 0}, {"identifier": "29vwpoz1ta63oys21bvfv:1671709281", "title": "rage obby 6 hell", "complexity": 1798, "update_timestamp": 1672163616353, "creation_timestamp": 1672163616353, "creators": ["dandestroys", "johnny_boi37"], "tags": ["ok"], "statistics": {"total_played": 1600, "difficulty": 0, "liked": 0.5, "time": 515.02, "difficulty_string": "veryhard"}, "change": 0}, {"identifier": "29gxb58szzk3y663rigeo:1672013532", "title": "A cold climb", "complexity": 2468, "update_timestamp": 1672076519254, "creation_timestamp": 1672076519254, "creators": ["Phantom", "TTVbandit"], "tags": ["ok"], "statistics": {"total_played": 1800, "difficulty": 0, "liked": 1, "time": 119.98, "difficulty_string": "veryhard"}, "change": 0}, {"identifier": "2aq1hyb2tfiuuqvr9wln1:1671841239", "title": "Steep Steps", "complexity": 2999, "update_timestamp": 1671868820455, "creation_timestamp": 1671868820455, "creators": ["CraftedFlames"], "tags": ["ok"], "statistics": {"total_played": 1800, "difficulty": 0.0006242197253433209, "liked": 1, "time": 120.868, "difficulty_string": "veryhard"}, "images": {"thumb": {"key": "level_2aq1hyb2tfiuuqvr9wln1_1671841239_1_thumb.png"}}, "change": 0}, {"identifier": "29hk1xqh6z3hmt8mp1kf4:1667391016", "title": "X skilS", "complexity": 999, "update_timestamp": 1671283684949, "creation_timestamp": 1671283684949, "creators": ["xanderb"], "tags": ["ok"], "statistics": {"total_played": 1200, "difficulty": 0, "liked": 1, "time": 947.8, "difficulty_string": "veryhard"}, "change": 0}, {"identifier": "29hk1xqh6z3hmt8mp1kf4:1671741312", "title": "turm gottes", "complexity": 849, "update_timestamp": 1671744526239, "creation_timestamp": 1671744526239, "creators": ["XanderB_VR"], "tags": ["ok"], "statistics": {"total_played": 1000, "difficulty": 0, "liked": 1, "time": 164.35, "difficulty_string": "veryhard"}, "change": 0}, {"identifier": "2ajuvtey60upkb3n3xly3:1670713344", "title": "ONLY IN OHIO 5", "complexity": 920, "update_timestamp": 1671763716297, "creation_timestamp": 1671763716297, "creators": ["S0UP0S"], "tags": ["ok"], "statistics": {"total_played": 1700, "difficulty": 0, "liked": 1, "time": 940.75, "difficulty_string": "veryhard"}, "change": 0}, {"identifier": "29st9jdcbxxotp0t9d8en:1671592121", "title": "Hole In The Wall", "complexity": 332, "update_timestamp": 1671666622580, "creation_timestamp": 1671666622580, "creators": ["Mystery8281"], "tags": ["ok"], "statistics": {"total_played": 1400, "difficulty": 0.0038669760247486465, "liked": 1, "time": 946.3122, "difficulty_string": "veryhard"}, "change": 0}, {"identifier": "2aq1hyb2tfiuuqvr9wln1:1671495105", "title": "Bone Chiller", "complexity": 240, "update_timestamp": 1671500398287, "creation_timestamp": 1671500398287, "creators": ["CraftedFlames"], "tags": ["ok"], "statistics": {"total_played": 1300, "difficulty": 0.0016849199663016006, "liked": 0.6666666666666666, "time": 927.3145, "difficulty_string": "veryhard"}, "images": {"thumb": {"key": "level_2aq1hyb2tfiuuqvr9wln1_1671495105_1_thumb.png"}}, "change": 0}, {"identifier": "29gz94k4607v9o0mao537:1671337694", "title": "Grab Climbing (The cliff)", "complexity": 1104, "update_timestamp": 1671385649767, "creation_timestamp": 1671385649767, "creators": ["bushbaby124"], "tags": ["ok"], "statistics": {"total_played": 2800, "difficulty": 0, "liked": 0.57, "time": 233.26, "difficulty_string": "veryhard"}, "change": 0}, {"identifier": "29vwpoz1ta63oys21bvfv:1670753574", "title": "funny is gone", "complexity": 2977, "update_timestamp": 1671125960686, "creation_timestamp": 1671125960686, "creators": ["dandestroyS2010", "ImreHB"], "tags": ["ok"], "statistics": {"total_played": 1500, "difficulty": 0.01, "liked": 0.56, "time": 728.78, "difficulty_string": "veryhard"}, "change": 0}, {"identifier": "2a383jd1x27ouq4brfj6q:1670956857", "title": "Urban (book 2) hint at the past", "complexity": 2974, "update_timestamp": 1671074849010, "creation_timestamp": 1671074849010, "creators": ["jckarp"], "tags": ["ok"], "statistics": {"total_played": 1000, "difficulty": 0.0010471204188481676, "liked": 1, "time": 421.33, "difficulty_string": "veryhard"}, "change": 0}, {"identifier": "2a64njdnchrcocw2nebtz:1667598463", "title": "Welcome to your skill cap :)", "complexity": 926, "update_timestamp": 1671148381563, "creation_timestamp": 1667606401324, "creators": ["Cookie256"], "tags": ["ok"], "statistics": {"total_played": 1800, "difficulty": 0, "liked": 0.8, "time": 293.41, "difficulty_string": "veryhard"}, "iteration": 5, "change": 0}, {"identifier": "2a383jd1x27ouq4brfj6q:1670720476", "title": "Urban (book 1) humble begginings", "complexity": 2891, "update_timestamp": 1670895234384, "creation_timestamp": 1670895234384, "creators": ["jckarp"], "tags": ["ok"], "statistics": {"total_played": 900, "difficulty": 0, "liked": 0.5, "time": 1832.63, "difficulty_string": "veryhard"}, "images": {"thumb": {"key": "level_2a383jd1x27ouq4brfj6q_1670720476_1_thumb.png"}}, "change": 0}, {"identifier": "29ngj2xcdlinnuqz0vrw5:1670184146", "title": "Escape the Ravine", "complexity": 2995, "update_timestamp": 1671690009878, "creation_timestamp": 1670734262692, "creators": ["Cursedphantom(RMB)", "Jeffbobdude", "Mystery8281"], "tags": ["ok"], "statistics": {"total_played": 1400, "difficulty": 0, "liked": 0, "time": 52.17, "difficulty_string": "veryhard"}, "iteration": 2, "change": 0}, {"identifier": "2a7dx97v4xiepfpmj8gi4:1661955833", "title": "The Grab Elimination Contest Museum #2: Now With More Elimination!", "complexity": 2914, "update_timestamp": 1708285598879, "creation_timestamp": 1670693211779, "creators": ["Levi__athan", "Famguybri"], "tags": ["ok"], "statistics": {"total_played": 3300, "difficulty": 0, "liked": 0.5, "time": 2685.38, "difficulty_string": "veryhard"}, "images": {"thumb": {"key": "level_2a7dx97v4xiepfpmj8gi4_1661955833_4_thumb.png"}}, "iteration": 2, "change": 0}, {"identifier": "29rkswgx13q8mej7mxdg6:1670291200", "title": "Pantophobia", "complexity": 2968, "update_timestamp": 1670549929128, "creation_timestamp": 1670456691515, "creators": ["TTv_Daring and kinda triplecyber57"], "tags": ["ok"], "statistics": {"total_played": 1600, "difficulty": 0, "liked": 1, "time": 148.71, "difficulty_string": "veryhard"}, "images": {"thumb": {"key": "level_29rkswgx13q8mej7mxdg6_1670291200_1_thumb.png"}}, "iteration": 2, "change": 0}, {"identifier": "2af2v4lqxksl1ru5itxr1:1670247400", "title": "CBR Game Night Disaster on Christmas Eve", "complexity": 1374, "update_timestamp": 1670251771618, "creation_timestamp": 1670251771618, "creators": ["KillTheSith"], "tags": ["ok"], "statistics": {"total_played": 2900, "difficulty": 0.008264462809917356, "liked": 0.9166666666666666, "time": 367.49308571428566, "difficulty_string": "veryhard"}, "change": 0}, {"identifier": "29rnnd0ymyemrickwtpx3:1666216978", "title": "the inflnite void", "complexity": 699, "update_timestamp": 1666222193343, "creation_timestamp": 1666222193343, "creators": ["rivler"], "tags": ["ok"], "statistics": {"total_played": 1300, "difficulty": 0.004971002485501243, "liked": 0.75, "time": 1582.1816666666664, "difficulty_string": "veryhard"}, "images": {"thumb": {"key": "level_29rnnd0ymyemrickwtpx3_1666216978_1_thumb.png"}}, "change": 0}, {"identifier": "29hmr2td99xch54tut5kh:1669170370", "title": "QUEST OF A WARRIOR part 1 of 3", "complexity": 2872, "update_timestamp": 1669263419268, "creation_timestamp": 1669263419268, "creators": ["moonman250"], "tags": ["ok"], "statistics": {"total_played": 1200, "difficulty": 0, "liked": 1, "time": 315.99, "difficulty_string": "veryhard"}, "change": 0}, {"identifier": "29mirpsj1sj6qgc7iuwy6:1670022780", "title": "Wonky skills 2", "complexity": 575, "update_timestamp": 1670114418205, "creation_timestamp": 1670114418205, "creators": ["NotYorMommy"], "tags": ["ok"], "statistics": {"total_played": 2400, "difficulty": 0.00047961630695443646, "liked": 1, "time": 161.108, "difficulty_string": "veryhard"}, "change": 0}, {"identifier": "29fpodhowxpo5wf9i7n40:1670087376", "title": "S p a k e", "complexity": 723, "update_timestamp": 1670089930872, "creation_timestamp": 1670089930872, "creators": ["DaRandmGamr584"], "tags": ["ok"], "statistics": {"total_played": 1700, "difficulty": 0, "liked": 1, "time": 466.61, "difficulty_string": "veryhard"}, "change": 0}, {"identifier": "29mirpsj1sj6qgc7iuwy6:1669935131", "title": "wonky skills 1", "complexity": 566, "update_timestamp": 1669957665196, "creation_timestamp": 1669957665196, "creators": ["NotYorMommy blademaster17"], "tags": ["ok"], "statistics": {"total_played": 2300, "difficulty": 0.01, "liked": 0.86, "time": 695.69, "difficulty_string": "veryhard"}, "change": 0}, {"identifier": "29zu6o31ckahmycg57zfc:1669688004", "title": "Color climb", "complexity": 2776, "update_timestamp": 1669877060438, "creation_timestamp": 1669877060438, "creators": ["Entity_Slime", "NSKC7 (.index)"], "tags": ["ok"], "statistics": {"total_played": 2900, "difficulty": 0, "liked": 1, "time": 1400.27, "difficulty_string": "veryhard"}, "change": 0}, {"identifier": "2a14zhngs540urucw5zps:1666353435", "title": "Nuromancy part 2: Temporary flight(single player)", "complexity": 328, "update_timestamp": 1666449573254, "creation_timestamp": 1666400863418, "creators": ["malatoro1907"], "tags": ["ok"], "statistics": {"total_played": 1100, "difficulty": 0, "liked": 1, "time": 228.12, "difficulty_string": "veryhard"}, "iteration": 2, "change": 0}, {"identifier": "29st9jdcbxxotp0t9d8en:1669574271", "title": "The WhiteRooms", "complexity": 290, "update_timestamp": 1669578661096, "creation_timestamp": 1669578661096, "creators": ["Mystery8281"], "tags": ["ok"], "statistics": {"total_played": 1500, "difficulty": 0, "liked": 0, "time": 106.8, "difficulty_string": "veryhard"}, "images": {"thumb": {"key": "level_29st9jdcbxxotp0t9d8en_1669574271_1_thumb.png"}}, "change": 0}, {"identifier": "29st9jdcbxxotp0t9d8en:1669562161", "title": "The Trials (Grapple) Part 2", "complexity": 487, "update_timestamp": 1669567214470, "creation_timestamp": 1669567214470, "creators": ["Mystery8281"], "tags": ["ok"], "statistics": {"total_played": 1600, "difficulty": 0.0027247956403269754, "liked": 0.75, "time": 468.32349999999997, "difficulty_string": "veryhard"}, "images": {"thumb": {"key": "level_29st9jdcbxxotp0t9d8en_1669562161_1_thumb.png"}}, "change": 0}, {"identifier": "29ngj2xcdlinnuqz0vrw5:1660148714", "title": "saitans canyon", "complexity": 572, "update_timestamp": 1669531480392, "creation_timestamp": 1669531480392, "creators": ["rmb", "cursedphatom"], "tags": ["ok"], "statistics": {"total_played": 2100, "difficulty": 0, "liked": 1, "time": 477.34, "difficulty_string": "veryhard"}, "change": 0}, {"identifier": "2auagl7xa2yy85q94u71c:1669537892", "title": "Shattered Dreams.", "complexity": 1278, "update_timestamp": 1669544175722, "creation_timestamp": 1669544175722, "creators": ["Hinduix", "NSKC7"], "tags": ["ok"], "statistics": {"total_played": 2000, "difficulty": 0, "liked": 0.6, "time": 25.18, "difficulty_string": "veryhard"}, "change": 0}, {"identifier": "29rkswgx13q8mej7mxdg6:1666917078", "title": "portal 3", "complexity": 2985, "update_timestamp": 1669514424348, "creation_timestamp": 1669514424348, "creators": ["TTv_Daring and Jeffbobdude"], "tags": ["ok"], "statistics": {"total_played": 2300, "difficulty": 0, "liked": 0.63, "time": 630.31, "difficulty_string": "veryhard"}, "images": {"thumb": {"key": "level_29rkswgx13q8mej7mxdg6_1666917078_2_thumb.png"}}, "change": 0}, {"identifier": "29l50ea34l4s54rtclzus:1664812420", "title": "mountain mayham", "complexity": 2999, "update_timestamp": 1669429161213, "creation_timestamp": 1669429161213, "creators": ["cjbeast"], "tags": ["ok"], "statistics": {"total_played": 2600, "difficulty": 0, "liked": 1, "time": 2215.59, "difficulty_string": "veryhard"}, "images": {"thumb": {"key": "level_29l50ea34l4s54rtclzus_1664812420_1_thumb.png"}}, "change": 0}, {"identifier": "29sgp24f1uorbc6vq8d2k:1668507993", "title": "precision", "complexity": 372, "update_timestamp": 1669457309676, "creation_timestamp": 1669457309676, "creators": [".index nskc7"], "tags": ["ok"], "statistics": {"total_played": 1300, "difficulty": 0, "liked": 1, "time": 319.42, "difficulty_string": "veryhard"}, "images": {"thumb": {"key": "level_29sgp24f1uorbc6vq8d2k_1668507993_1_thumb.png"}}, "change": 0}, {"identifier": "2ajuvtey60upkb3n3xly3:1668121920", "title": "ONLY IN OHIO 3 ", "complexity": 598, "update_timestamp": 1668185450622, "creation_timestamp": 1668182788158, "creators": ["S0UP0S"], "tags": ["ok"], "statistics": {"total_played": 3900, "difficulty": 0, "liked": 0.9, "time": 824.96, "difficulty_string": "veryhard"}, "iteration": 2, "change": 0}, {"identifier": "29v9vd6n9z45d16mi2o2n:1668987177", "title": "VELOCITY 2", "complexity": 1557, "update_timestamp": 1669169093801, "creation_timestamp": 1669169093801, "creators": ["jefffbobdude"], "tags": ["ok"], "statistics": {"total_played": 2500, "difficulty": 0, "liked": 1, "time": 814.7, "difficulty_string": "veryhard"}, "change": 0}, {"identifier": "2auagl7xa2yy85q94u71c:1669324591", "title": "pink parkour", "complexity": 394, "update_timestamp": 1669335353112, "creation_timestamp": 1669335353112, "creators": ["Hinduix"], "tags": ["ok"], "statistics": {"total_played": 1500, "difficulty": 0, "liked": 0, "time": 227.32, "difficulty_string": "veryhard"}, "change": 0}, {"identifier": "2ak0ysv35egakgfilswpy:1667148876", "title": "Jump 2", "complexity": 2998, "update_timestamp": 1668999960108, "creation_timestamp": 1668999960108, "creators": ["EBSpark"], "tags": ["ok"], "statistics": {"total_played": 4300, "difficulty": 0, "liked": 1, "time": 61.01, "difficulty_string": "veryhard"}, "change": 0}, {"identifier": "29l50ea34l4s54rtclzus:1661280053", "title": "floor is lava -School-", "complexity": 2969, "update_timestamp": 1661299605922, "creation_timestamp": 1661299605922, "creators": ["cjbeast006"], "tags": ["ok"], "statistics": {"total_played": 2707, "difficulty": 0, "liked": 1, "time": 352.5, "difficulty_string": "veryhard"}, "images": {"thumb": {"key": "level_29l50ea34l4s54rtclzus_1661280053_1_thumb.png"}}, "change": 0}, {"identifier": "2almzlrvw7hs185wzszny:1667778342", "title": "Splurf's Ice Run", "complexity": 183, "update_timestamp": 1668234140375, "creation_timestamp": 1668234140375, "creators": ["Shepdance\\Splurf"], "tags": ["ok"], "statistics": {"total_played": 2500, "difficulty": 0.00045310376076121433, "liked": 0.25, "time": 93.21, "difficulty_string": "veryhard"}, "change": 0}, {"identifier": "2aa70ti8spfkx30l07wzy:1666648217", "title": "forest run", "complexity": 975, "update_timestamp": 1666653702716, "creation_timestamp": 1666653702716, "creators": ["eternalx_night", "tested by hambergorPickle"], "tags": ["ok"], "statistics": {"total_played": 2300, "difficulty": 0, "liked": 1, "time": 240.73, "difficulty_string": "veryhard"}, "change": 0}, {"identifier": "29vwpoz1ta63oys21bvfv:1664644238", "title": "rage obby 4 null", "complexity": 855, "update_timestamp": 1666108794131, "creation_timestamp": 1666108794131, "creators": ["dandestroyS2010"], "tags": ["ok"], "statistics": {"total_played": 3900, "difficulty": 0, "liked": 0.44, "time": 922.18, "difficulty_string": "veryhard"}, "change": 0}, {"identifier": "2a7dx97v4xiepfpmj8gi4:1665518206", "title": "Black and Blue", "complexity": 574, "update_timestamp": 1708473335454, "creation_timestamp": 1665694071187, "creators": ["Levi__athan"], "tags": ["ok"], "statistics": {"total_played": 4500, "difficulty": 0, "liked": 0.67, "time": 402.16, "difficulty_string": "veryhard"}, "images": {"thumb": {"key": "level_2a7dx97v4xiepfpmj8gi4_1665518206_3_thumb.png"}}, "iteration": 3, "change": 0}, {"identifier": "29ngj2xcdlinnuqz0vrw5:1664751115", "title": "Island Cave Exploration(Parkour)", "complexity": 881, "update_timestamp": 1664753734170, "creation_timestamp": 1664753734170, "creators": ["RMB", "CursedPhantom"], "tags": ["ok"], "statistics": {"total_played": 4200, "difficulty": 0, "liked": 0.8, "time": 163.69, "difficulty_string": "veryhard"}, "change": 0}, {"identifier": "29ngj2xcdlinnuqz0vrw5:1663903781", "title": "Deep Cave Exploration(Rions Chest)", "complexity": 961, "update_timestamp": 1664920544567, "creation_timestamp": 1664920544567, "creators": ["RMB"], "tags": ["ok"], "statistics": {"total_played": 3300, "difficulty": 0, "liked": 0.25, "time": 983.94, "difficulty_string": "veryhard"}, "change": 0}, {"identifier": "29l50ea34l4s54rtclzus:1664637802", "title": "robloc obby", "complexity": 2843, "update_timestamp": 1664668495691, "creation_timestamp": 1664668495691, "creators": ["cjbeast006", "BWLBuck", "levi8020", "CoblerB1"], "tags": ["ok"], "statistics": {"total_played": 3200, "difficulty": 0, "liked": 1, "time": 1638.7, "difficulty_string": "veryhard"}, "images": {"thumb": {"key": "level_29l50ea34l4s54rtclzus_1664637802_1_thumb.png"}}, "change": 0}, {"identifier": "2a16lrhk70q0s94hkbdwz:1657643593", "title": "Ohiophobia", "complexity": 2999, "update_timestamp": 1673157515350, "creation_timestamp": 1664735405851, "creators": ["BWLBuck Coblerb1 Darandmgamr584 levi8020 convrist mort and cjbeast006 EBSpark"], "tags": ["ok"], "statistics": {"total_played": 4300, "difficulty": 0.001636214889555495, "liked": 0.7777777777777778, "time": 188.07795000000002, "difficulty_string": "veryhard"}, "iteration": 2, "change": 0}, {"identifier": "29l50ea34l4s54rtclzus:1663108884", "title": "choose a side parcore -extremely hard-", "complexity": 2833, "update_timestamp": 1663512359263, "creation_timestamp": 1663452559097, "creators": ["cjbeast006", "BWLBuck"], "tags": ["ok"], "statistics": {"total_played": 3000, "difficulty": 0.0011312217194570137, "liked": 1, "time": 62.430699866666664, "difficulty_string": "veryhard"}, "images": {"thumb": {"key": "level_29l50ea34l4s54rtclzus_1663108884_2_thumb.png"}}, "iteration": 2, "change": 0}, {"identifier": "29gxb58szzk3y663rigeo:1663279031", "title": "progression parkor ", "complexity": 1283, "update_timestamp": 1663434047441, "creation_timestamp": 1663434047441, "creators": ["Phantom"], "tags": ["ok"], "statistics": {"total_played": 2900, "difficulty": 0.00078003120124805, "liked": 1, "time": 112.8525, "difficulty_string": "veryhard"}, "change": 0}, {"identifier": "29l5545g062rp81w2y8d8:1663021683", "title": "sewers rush", "complexity": 2993, "update_timestamp": 1663109356766, "creation_timestamp": 1663109356766, "creators": ["nexus0 Ravensniper1234"], "tags": ["ok"], "statistics": {"total_played": 4600, "difficulty": 0, "liked": 0.63, "time": 529.96, "difficulty_string": "veryhard"}, "change": 0}, {"identifier": "2aa73bmv50jap4z792rrz:1662861289", "title": "God mode 2", "complexity": 2916, "update_timestamp": 1663019225048, "creation_timestamp": 1663019225048, "creators": ["ravensniper1234", "etxnight"], "tags": ["ok"], "statistics": {"total_played": 4700, "difficulty": 0, "liked": 1, "time": 1361.89, "difficulty_string": "veryhard"}, "change": 0}, {"identifier": "29l50ea34l4s54rtclzus:1662936920", "title": "tower of eden", "complexity": 2681, "update_timestamp": 1663010699744, "creation_timestamp": 1663010699744, "creators": ["cjbeast006"], "tags": ["ok"], "statistics": {"total_played": 3100, "difficulty": 0, "liked": 1, "time": 2584.16, "difficulty_string": "veryhard"}, "images": {"thumb": {"key": "level_29l50ea34l4s54rtclzus_1662936920_1_thumb.png"}}, "change": 0}, {"identifier": "29gxb58szzk3y663rigeo:1662600395", "title": "Excape the the labyrinth", "complexity": 2953, "update_timestamp": 1662839315637, "creation_timestamp": 1662839315637, "creators": ["Phantom"], "tags": ["ok"], "statistics": {"total_played": 3000, "difficulty": 0, "liked": 0.89, "time": 137.43, "difficulty_string": "veryhard"}, "change": 0}, {"identifier": "29fpodhowxpo5wf9i7n40:1662774202", "title": "An Annoying Test Of Patience 4", "complexity": 1114, "update_timestamp": 1662827191868, "creation_timestamp": 1662827191868, "creators": ["DaRandmGamr584", "Slvrspeed"], "tags": ["ok"], "statistics": {"total_played": 2300, "difficulty": 0.0014251781472684087, "liked": 1, "time": 836.9213333333333, "difficulty_string": "veryhard"}, "change": 0}, {"identifier": "2a7dx97v4xiepfpmj8gi4:1662307290", "title": "The Kings Gold Quest", "complexity": 2612, "update_timestamp": 1662586507335, "creation_timestamp": 1662586507335, "creators": ["Levi-osa"], "tags": ["ok"], "statistics": {"total_played": 4000, "difficulty": 0, "liked": 0.75, "time": 506.86, "difficulty_string": "veryhard"}, "images": {"thumb": {"key": "level_2a7dx97v4xiepfpmj8gi4_1662307290_1_thumb.png"}}, "change": 0}, {"identifier": "2aa0lcnuwvv06gw64jl5l:1657081596", "title": "The Grab Parable", "complexity": 828, "update_timestamp": 1662422393833, "creation_timestamp": 1662422393833, "creators": ["JBK777JBK"], "tags": ["ok"], "statistics": {"total_played": 5400, "difficulty": 0, "liked": 1, "time": 457.57, "difficulty_string": "veryhard"}, "change": 0}, {"identifier": "2aa73bmv50jap4z792rrz:1662392771", "title": "Mission Core", "complexity": 2677, "update_timestamp": 1662419727911, "creation_timestamp": 1662409872171, "creators": ["Ravensniper1234"], "tags": ["ok"], "statistics": {"total_played": 4400, "difficulty": 0, "liked": 0.75, "time": 1108.8, "difficulty_string": "veryhard"}, "iteration": 3, "change": 0}, {"identifier": "2a16lrhk70q0s94hkbdwz:1656895914", "title": "The great canyon climb", "complexity": 2999, "update_timestamp": 1673157741896, "creation_timestamp": 1661906527326, "creators": ["EBSpark"], "tags": ["ok"], "statistics": {"total_played": 4349, "difficulty": 0, "liked": 0.8, "time": 1456.94, "difficulty_string": "veryhard"}, "iteration": 2, "change": 0}, {"identifier": "29l50ea34l4s54rtclzus:1661719313", "title": "2 way cavey hill course", "complexity": 2936, "update_timestamp": 1661724125777, "creation_timestamp": 1661724125777, "creators": ["cjbeast006", "dudetrey", "BWLBuck"], "tags": ["ok"], "statistics": {"total_played": 2350, "difficulty": 0.004597701149425287, "liked": 0.8, "time": 540.0405900000001, "difficulty_string": "veryhard"}, "images": {"thumb": {"key": "level_29l50ea34l4s54rtclzus_1661719313_1_thumb.png"}}, "change": 0}, {"identifier": "29l50ea34l4s54rtclzus:1661535416", "title": "lava tower island parcore", "complexity": 2995, "update_timestamp": 1661542373312, "creation_timestamp": 1661542373312, "creators": ["cjbeast006"], "tags": ["ok"], "statistics": {"total_played": 3876, "difficulty": 0, "liked": 1, "time": 1974.17, "difficulty_string": "veryhard"}, "images": {"thumb": {"key": "level_29l50ea34l4s54rtclzus_1661535416_1_thumb.png"}}, "change": 0}, {"identifier": "29wgmbz8kb7lf7omolq47:1657529467", "title": "Nexus Parkour!", "complexity": 382, "update_timestamp": 1661131273605, "creation_timestamp": 1661131273605, "creators": ["ZaziPogChamp", "Slvrspeed"], "tags": ["ok"], "statistics": {"total_played": 4448, "difficulty": 0.0005462988254575252, "liked": 1, "time": 495.332, "difficulty_string": "veryhard"}, "change": 0}, {"identifier": "29l50ea34l4s54rtclzus:1658880078", "title": "death matchine", "complexity": 2305, "update_timestamp": 1663511835842, "creation_timestamp": 1659130889477, "creators": ["cjbeast006", "gorillaman1356", "BWLBuck", "killerwolf716"], "tags": ["ok"], "statistics": {"total_played": 5030, "difficulty": 0, "liked": 0.75, "time": 2251.69, "difficulty_string": "veryhard"}, "images": {"thumb": {"key": "level_29l50ea34l4s54rtclzus_1658880078_1_thumb.png"}}, "iteration": 4, "change": 0}, {"identifier": "29h3fwz7t7qrs4yd07ykf:1658426173", "title": "HanSlukas Birthday Bash!", "complexity": 992, "update_timestamp": 1658636481607, "creation_timestamp": 1658636481607, "creators": ["Shags", "Kudcom", "DeadlyYetBad"], "tags": ["ok"], "statistics": {"total_played": 3717, "difficulty": 0, "liked": 0.67, "time": 527.81, "difficulty_string": "veryhard"}, "change": 0}, {"identifier": "29vhvl94jvlw4vp4b019y:1658355731", "title": "Island Worlds - Ch 3 - Glacier", "complexity": 3000, "update_timestamp": 1658367422250, "creation_timestamp": 1658367422250, "creators": ["luhmao", "BWLBuck"], "tags": ["ok"], "statistics": {"total_played": 6414, "difficulty": 0, "liked": 0.67, "time": 1871.87, "difficulty_string": "veryhard"}, "images": {"thumb": {"key": "level_29vhvl94jvlw4vp4b019y_1658355731_1_thumb.png"}}, "change": 0}, {"identifier": "29l50ea34l4s54rtclzus:1658425329", "title": "cave obby xtra hard super", "complexity": 1515, "update_timestamp": 1658449229200, "creation_timestamp": 1658449229200, "creators": ["cjbeast006", "galaxyyespvr", "davestephens", "ADM"], "tags": ["ok"], "statistics": {"total_played": 3970, "difficulty": 0, "liked": 1, "time": 746.72, "difficulty_string": "veryhard"}, "images": {"thumb": {"key": "level_29l50ea34l4s54rtclzus_1658425329_1_thumb.png"}}, "change": 0}, {"identifier": "29stwsw421o9qi0xx4bt7:1658499750", "title": "con tower of doom and stuff", "complexity": 515, "update_timestamp": 1658503317081, "creation_timestamp": 1658503317081, "creators": ["not convrist"], "tags": ["ok"], "statistics": {"total_played": 3763, "difficulty": 0.0036177268616219473, "liked": 0.8, "time": 706.5647500000001, "difficulty_string": "veryhard"}, "change": 0}, {"identifier": "29l50ea34l4s54rtclzus:1658015963", "title": "4 way space parcore", "complexity": 1692, "update_timestamp": 1658019943419, "creation_timestamp": 1658019943419, "creators": ["cjbeast006", "kudcom", "derrck"], "tags": ["ok"], "statistics": {"total_played": 6263, "difficulty": 0, "liked": 0.75, "time": 482.4, "difficulty_string": "veryhard"}, "images": {"thumb": {"key": "level_29l50ea34l4s54rtclzus_1658015963_2_thumb.png"}}, "change": 0}, {"identifier": "29l50ea34l4s54rtclzus:1657861566", "title": "loopy parcore", "complexity": 356, "update_timestamp": 1657935269703, "creation_timestamp": 1657935269703, "creators": ["cjbeast006"], "tags": ["ok"], "statistics": {"total_played": 6531, "difficulty": 0.000777000777000777, "liked": 0.6, "time": 676.8865000000001, "difficulty_string": "veryhard"}, "images": {"thumb": {"key": "level_29l50ea34l4s54rtclzus_1657861566_1_thumb.png"}}, "change": 0}, {"identifier": "29wgmbz8kb7lf7omolq47:1657618852", "title": "The Quest for the Gem", "complexity": 790, "update_timestamp": 1657694706459, "creation_timestamp": 1657694706459, "creators": ["ZaziPogChamp", "Nash_human"], "tags": ["ok"], "statistics": {"total_played": 6311, "difficulty": 0, "liked": 0.5, "time": 622.04, "difficulty_string": "veryhard"}, "change": 0}, {"identifier": "29ffxg2ijqxyrgxyy2vjj:1656443996", "title": "FROSTYs mount liquid!", "complexity": 2998, "update_timestamp": 1657163553534, "creation_timestamp": 1657163553534, "creators": ["FROSTY_CROSS"], "tags": ["ok"], "statistics": {"total_played": 6717, "difficulty": 0, "liked": 0.86, "time": 1982.09, "difficulty_string": "veryhard"}, "images": {"thumb": {"key": "level_29ffxg2ijqxyrgxyy2vjj_1656443996_1_thumb.png"}}, "change": 0}, {"identifier": "29gxb58szzk3y663rigeo:1655333172", "title": "Level 3 OBBY", "complexity": 2994, "update_timestamp": 1656441964827, "creation_timestamp": 1656441964827, "creators": ["Phantom", "TTVbandit"], "tags": ["ok"], "statistics": {"total_played": 7276, "difficulty": 0, "liked": 0.75, "time": 891.41, "difficulty_string": "veryhard"}, "change": 0}, {"identifier": "29l50ea34l4s54rtclzus:1656289122", "title": "crazy course", "complexity": 2148, "update_timestamp": 1656364524483, "creation_timestamp": 1656364524483, "creators": ["cjbeast006"], "tags": ["ok"], "statistics": {"total_played": 5833, "difficulty": 0.0008233841086867024, "liked": 0.6428571428571429, "time": 379.797125, "difficulty_string": "veryhard"}, "images": {"thumb": {"key": "level_29l50ea34l4s54rtclzus_1656289122_1_thumb.png"}}, "change": 0}, {"identifier": "29id5ta7mb54j28tz6wfe:1656166842", "title": "cons lava castle", "complexity": 1290, "update_timestamp": 1656354596209, "creation_timestamp": 1656354596209, "creators": ["convrist"], "tags": ["ok"], "statistics": {"total_played": 4845, "difficulty": 0, "liked": 0.67, "time": 512.6, "difficulty_string": "veryhard"}, "images": {"thumb": {"key": "level_29id5ta7mb54j28tz6wfe_1656166842_1_thumb.png"}}, "change": 0}, {"identifier": "29txb67fpczg7fn4f2sim:1653949429", "title": "FROSTY and Brays Bursting Lava Tower", "complexity": 2787, "update_timestamp": 1654043670670, "creation_timestamp": 1654043670670, "creators": ["Bray.ace", "FROSTY_CROSS"], "tags": ["ok"], "statistics": {"total_played": 5309, "difficulty": 0, "liked": 0.5, "time": 1533.51, "difficulty_string": "veryhard"}, "images": {"thumb": {"key": "level_29txb67fpczg7fn4f2sim_1653949429_3_thumb.png"}}, "change": 0}]