[
    {
        "title": ".index",
        "list_key": "user:29sgp24f1uorbc6vq8d2k"
    },
    {
        "title": "Slin",
        "list_key": "user:290oi9frh8eihrh1r5z0q"
    },
    {
        "title": "EBspark",
        "list_key": "user:2ak0ysv35egakgfilswpy"
    },
    {
        "title": "Convrist",
        "list_key": "user:29id5ta7mb54j28tz6wfe"
    },
    {
        "title": "Caziggy",
        "list_key": "user:29lmdv56fjch18bes1u2j"
    },
    {
        "title": "luhmao",
        "list_key": "user:29vhvl94jvlw4vp4b019y"
    },
    {
        "title": "22Joshi22",
        "list_key": "user:29r46v7djliny6t4rzvq7"
    },
    {
        "title": "cjbeast006",
        "list_key": "user:29l50ea34l4s54rtclzus"
    },
    {
        "title": "Eclipse",
        "list_key": "user:2awf62f0y60gptc9cbecf"
    },
    {
        "title": "Famgal",
        "list_key": "user:29n9hjza4lerqn38ee32h"
    },
    {
        "title": "MiloJenSopha",
        "list_key": "user:2a4lsr3j8bypkewcx9s90"
    },
    {
        "title": "Vestria",
        "list_key": "user:2cmndb6aqd04eegbagxbo"
    },
    {
        "title": "D2whiplash",
        "list_key": "user:29iz7lwjt8f9l20uvr28b"
    },
    {
        "title": "Madlord",
        "list_key": "user:29w20l59y1m2zkzhkojnu"
    },
    {
        "title": "BlackCat",
        "list_key": "user:29t798uon2urbra1f8w2q"
    },
    {
        "title": "Trap11190",
        "list_key": "user:29rhk9gdy7iiza0k3tttk"
    },
    {
        "title": "JeffBobDude",
        "list_key": "user:29v9vd6n9z45d16mi2o2n"
    },
    {
        "title": "FitArtist",
        "list_key": "user:2bojjyjkmhegoqt73au7m"
    },
    {
        "title": "Thezra",
        "list_key": "user:2czbtyaqtbjo89sut7jqd"
    },
    {
        "title": "littlebeastM8",
        "list_key": "user:29mu59yo9pbgwqloqhthe"
    },
    {
        "title": "Pogggg",
        "list_key": "user:29wvwcyosrr43a72at6m5"
    },
    {
        "title": "BLUDUK",
        "list_key": "user:2ag78daeo0xaz2bca9eq3"
    },
    {
        "title": "Levi__athan",
        "list_key": "user:2a7dx97v4xiepfpmj8gi4"
    }
]
