{"2czbtyaqtbjo89sut7jqd": ["Thezra325", 323], "29sgp24f1uorbc6vq8d2k": ["dotindex", 272], "29ffxg2ijqxyrgxyy2vjj": ["FROSTY_CROSS", 171], "29wvwcyosrr43a72at6m5": ["Poggggg", 153], "2a6ekr378kiwrrodjri7e": ["YelloducVR", 135], "2a16lrhk70q0s94hkbdwz": ["BWLBuck", 104], "29st9jdcbxxotp0t9d8en": ["Navilain", 97], "2a8031alixx3u6tyu2a7k": ["iamaverag8", 95], "2ap0yu9y9g2lcvxbc5x3g": ["dawn.qt", 87], "29xc83sott7wc21mlni58": ["13OliviA", 86], "2bojjyjkmhegoqt73au7m": ["FitArtist334071", 84], "29id5ta7mb54j28tz6wfe": ["Convrist", 83], "29rf0j9ksurlx1zybi2gm": ["Doge786", 70], "2axkwzh6f43g1regf401p": ["oreo_gaming", 64], "2b2plkhwfthpvqrtq90em": ["Pack_VR", 59], "29z0nxar0nqsefbvvly4k": ["Neville_Tiger_Strike", 59], "29srqtwaq08zzhp3kng3u": ["CoblerB1", 57], "2bdgvs9mq43grmiabk1bk": ["draculaflo", 54], "290oi9frh8eihrh1r5z0q": ["Slin", 49], "2bf8hyynuelajywj9k4n7": ["Polaris8477", 47], "29w20l59y1m2zkzhkojnu": ["Mr.Madlord", 46], "2c9uw1hmr8t6d32l50qha": ["GVPikachu", 45], "2b5f06beql4s712awjzd1": ["oculus_crab07", 45], "29mu59yo9pbgwqloqhthe": ["littlebeastM8", 44], "2c5tr3jzc3hc0l4vz230q": ["777feet", 43], "2abebn7t4lq4ydl89oxje": ["FruitByTheFist", 38], "2aov1sx3zs20px13i5weq": ["DRAZ56", 38], "2am015n3aa6sebl0p6923": ["rougueRunner", 38], "2bl9jjc7y3wk79lt283xx": ["EvildragonVR", 36], "29k763epg4asdivyctend": ["GRAY_820", 35], "2ap647di3dc1k42jf4o2o": ["yO0hooVr", 34], "29rqdxks1jyqbrdnw6ggs": ["CYDIGI3", 34], "29rqrujrn2iyvvkoq56zp": ["Sylvs_", 31], "2b73bdanhzp2gmr41m283": ["TronisRobot", 30], "29n9hjza4lerqn38ee32h": ["Famgal", 30], "29yec0gze33pi66el8naw": ["piss.vr", 29], "2axde3qp7eo4huw2gm7ph": ["Tylerdawell", 29], "2bmbn2tcbm89x9wv2idh1": ["Rockyraider", 28], "29lmdv56fjch18bes1u2j": ["Caziggy", 28], "2bt1j9owykx3qrnr8ilbv": ["1235311PNUT", 28], "2b9qk0h9d825qy92fyl21": ["superevan116", 28], "2c0vvrzpz3uv0mp3n30r5": ["AysonBoi", 27], "2blgd8unf5ztm9e6b6e8m": ["HargraveVR", 27], "29v9vd6n9z45d16mi2o2n": ["JeffBobDude", 27], "29zwujsnjq6iu1jqa4keo": ["levi8020", 27], "29px3pmrktk2sms8qmvqb": ["CokeDeee", 27], "29ngj2xcdlinnuqz0vrw5": ["CursedPhantom", 27], "29rkswgx13q8mej7mxdg6": ["AFT_Daring", 27], "29udv6q207r9ehlyn3zp1": ["Sherbear79", 27], "2a7dx97v4xiepfpmj8gi4": ["Levi__athan", 26], "2a2x6ld8bmv9k29y6yusw": ["DamondStrke", 26], "2cpxurzwvw294smzl1100": ["Mr.PaintVR", 25], "2ak0ysv35egakgfilswpy": ["EBSpark", 25], "29qt9i4e2th1db3i02aqm": ["OtterBoy.XD", 25], "29nxcg0chi4uqcj7yk7f4": ["Insert.vr", 25], "2apqgju0ttomc3mztt3p6": ["iSkype", 25], "29y5xtwiv6shb636vdb9c": ["Supermeow10", 24], "29vhvl94jvlw4vp4b019y": ["luhmao", 24], "2a6vkwrdnbmuf5iyhuxe7": ["Alekai1", 24], "29l4bgqjgc3prrst0udbe": ["kudcom", 24], "2bin1svp2pxxdp7o4gzfq": ["nobody_cares1", 24], "2b0an06iko4dlrx80hzts": ["trippie-kidd", 23], "2bvy4htc1ihhkf23hxxce": ["BigDum", 23], "29gxtryykgnblu5xvdip8": ["Duckdabro", 22], "2blld08xnu1l7ymi7qgdk": ["breadgenix", 22], "29rhk9gdy7iiza0k3tttk": ["Trap11190", 22], "29qv44zsn1bl7muilse95": ["Ryzx", 22], "2bcw05auge92xtehn42vj": ["popten47VR", 21], "2bgyhql8flu7rykokzr0l": ["Glingust", 20], "2b6xz7gf4az5gx4nxfyk0": ["Frevr", 20], "2a0r12prnob1y78t7wqpn": ["Dyght_light", 20], "2axqyurs96qd5fybihvt6": ["Ballscollection42", 20], "29su3q56ej56lu7mz6bfs": ["VoidDec", 20], "2c1aqs4qqftikofnp34sn": ["DUCK.l0v3r", 19], "29r46v7djliny6t4rzvq7": ["22Joshi22", 19], "2a09tvja9dic8lchjkata": ["Droplet___Gamer1226", 19], "2aw06b0if6j71h3ukt2ir": ["Masterpay", 19], "2bs7p3dm54cenmzgxuyqf": ["YoohooVr.2024", 18], "2agnws553se4jxb8sbnpo": ["vrshirleys", 18], "2b0ownn523djzwjdykwk5": ["ZnZeeX", 18], "2bkj2x1tozu1cwg34wcpt": ["8875rx", 17], "29nw8ne8bffda9wwqztbw": ["speeder2", 17], "29ezo6a90tadi40tflojy": ["fargoshark", 16], "29zgvg9pdy7lpk2szi6pc": ["davidmhind", 16], "2br3r3beexa8hy0yw4c6z": ["Llamaiabad_m8", 16], "2aqj12racvbkdg8ge3ns9": ["coleaaron", 16], "2cmndb6aqd04eegbagxbo": ["vestria", 16], "29zta0isiiyznub5g9xhd": ["TheGalaxyOfYoutube", 16], "2bjxfndgtanz81tc9m38c": ["lvffy", 16], "2c0thog90hlqxikvjtop3": ["PenguinVr1", 15], "2a5s0irkwgnu8xvkctvnh": ["Anton.exe", 15], "2aegug4x23jjnj2ehnjyl": ["rowshamb0wy_yt", 15], "2ban48bn4bd13rt3ys7ul": ["carter.681313", 15], "2c52qodt76x8fn8o23su1": ["Oreo_on_vr", 15], "2am05alpxgdpqgv8oafd0": ["RED_FLAM1NG0", 15], "2ap080quxx99xwjvamlgu": ["WagstaffFam68", 15], "2b7anf6j52v10xfy419nh": ["avocadoboy29", 14], "2awf62f0y60gptc9cbecf": ["Eclipse_Queen", 14], "29iz7lwjt8f9l20uvr28b": ["D2whiplash", 14], "2ae5dh3d11sasaq41z1fc": ["ZURRR_111", 14], "29ztff7purjtla0n4ake9": ["LightsOut345", 14], "29rmundy78vdxwvlpopju": ["MillieBugler", 14], "29smfe140djehvfji386i": ["Torsken1", 14], "29uv38c0g6ybrxlaql9or": ["nolan8420", 13], "2cse0rwhzexnleljzk7g3": ["JiggleTets", 13], "2c0g0vag10vipkvj3jwq8": ["K_0_Z_M_I_C_6_O", 13], "2a7kcrctb9fpib14lilnx": ["felixart", 13], "2bjz8nebkbbt9ima3sn9x": ["NSKC8", 13], "2a7dpr68r014rdkz6927a": ["Auran_Simia", 13], "2a4lsr3j8bypkewcx9s90": ["MiloJenSopha", 12], "2awuwy1vfa7jyv67tyeli": ["Haspoop", 12], "29z0xnmo2bj7t5r2xfed1": ["gman2giant", 12], "29i048i1xfla24jp3u50r": ["ENVI0US", 12], "29j5kd62qrg5797wiiwpx": ["Nash_human", 12], "2ajxbqgtr5i44pfhwwsyh": ["vessel_void", 12], "2b98oapjfx05t5nq33xpp": ["crazysherman2", 12], "2a3gpy09xxjfr1wz03wpa": ["dot.uwentpoo", 12], "29mo8es458607q0r7uy2z": ["PeeRooo", 12], "2bawht7uc5nm9ih49upft": ["milo_hoes", 12], "2a0ww6psn1b42o4ziik88": ["logical.on.yt", 11], "2aqk2f39o44nxz0yixbas": ["gage_rod", 11], "29l5545g062rp81w2y8d8": ["Nexus0", 11], "2bs9a0kjj1uhssit33q3e": ["BernanaBread", 11], "29h977khi8k9jto97huhi": ["Nigelpc1", 11], "2aam8hifpkmxcnikfk70u": ["christsam36", 11], "2am0wmjg6f7bb5vqdvrsj": ["Mr_Owl42", 11], "2acbdwj2bo9r9zkt79p72": ["kookookrazy", 11], "2bns26w3fm3mw3878kl5j": ["PurplrVr", 11], "2ajh3ta3oul1bb2sw66r5": ["freezeeduck", 11], "2br2vs9936len6aaadk09": ["monkeman101", 11], "2ako4mk7kyo1zx1hlee0m": ["Medveds2021", 11], "2av0siwp3dc2oy8iux1sc": ["lucajf920", 11], "29uwb983s8oodpq6goybf": ["gofelt", 11], "2axtxs5tqva8ag7pqgx9w": ["JaggerTheJag", 11], "2as891f0jl1anmcya1uwg": ["GG_the_gamer", 11], "29k83b4zt6eowv2v6p62t": ["mr.pugmans", 11], "2a8xdm1mnk49xb08zhr9y": ["Cakelight352", 11], "29g1l9jja7ii7b1mvrati": ["Sock.man", 11], "2cc6sv9sn32pegajuwlv8": ["TBH_", 10], "2c0jd4vvao1gicgwtbgp1": ["muffin3553857", 10], "2cale1htizlwscwedg1r7": ["PoisonVR2024", 10], "2aer1ouapoy5r6fidnezr": ["AzimuthGT", 10], "2cryril20wvakeozbsknk": ["Doge785", 10], "2b4n1vl3nhjt4d3ognob5": ["TheBizzorst", 10], "2auqkxmj2m5cjqpv96ccw": ["wigglebut21", 10], "29j33v3pw6k19lyggvu6a": ["anbuvylax", 10], "2cmoxwv8ddfsibgefwf15": ["AmericanCaesar2023", 10], "2bxznfs3tfog3d18517as": ["MedievalDuck", 10], "2a0kxgdeorhwwemli2443": ["TKisCool11", 10], "29fvpmb6edfydi9s1ja3b": ["ChooChooiscCool", 10], "29zhv1uiqoxos2vrmk6q1": ["Hellz_bellz", 10], "2abovr5t3alegxugovv4u": ["TalenMunster", 10]}