[{"title": "The challenge", "creator": "littlebeastm8", "id": "29mu59yo9pbgwqloqhthe:1700955740"}, {"title": "THE GRID", "creator": ".index", "id": "29sgp24f1uorbc6vq8d2k:1704720535"}, {"title": "Impossible", "id": "29mu59yo9pbgwqloqhthe:1690745443", "creator": "littlebeastm8"}, {"title": "FitArtist NEVER CLEAR", "id": "2czbtyaqtbjo89sut7jqd:1713407280", "creator": "Thezra"}, {"title": ".index's challenge (SKILL ISSUE)", "id": "29sgp24f1uorbc6vq8d2k:1667046337", "creator": ".index"}, {"title": "The Frozen Mountain", "id": "29r46v7djliny6t4rzvq7:1698831110", "creator": "Joshi"}, {"title": "SKILLS ONLY 5 SUPERBUFFED", "id": "29sgp24f1uorbc6vq8d2k:1681631795", "creator": ".index"}, {"title": "Sanguine Sanctum", "id": "29lmdv56fjch18bes1u2j:1717629421", "creator": "Caziggy"}, {"title": ".index's KAIZO REVENGE", "creator": ".index", "id": "29sgp24f1uorbc6vq8d2k:1700045225"}, {"title": "FROSTYs harsh bouldering!", "id": "29ffxg2ijqxyrgxyy2vjj:1697912314", "creator": "FROSTY_CROSS"}, {"title": "FEARLESS", "id": "2b73bdanhzp2gmr41m283:1716502240", "creator": "TronisRobot"}, {"title": "The 5 Levels of Torture", "id": "29wvwcyosrr43a72at6m5:1718827523", "creator": "Poggggg"}, {"title": "demise", "id": "29mu59yo9pbgwqloqhthe:1658771442", "creator": "littlebeastm8"}, {"title": "SKILLS ONLY 6 SUPERBUFFED", "id": "29sgp24f1uorbc6vq8d2k:1677987744", "creator": ".index"}, {"title": "SKILLS ONLY 4 SUPERBUFFED", "creator": ".index", "id": "29sgp24f1uorbc6vq8d2k:4"}, {"title": "PRODIGY", "id": "29wvwcyosrr43a72at6m5:1718248116", "creator": "Poggggg"}, {"title": "FROSTYs ascent to mars! /!\\ANIMATED/!\\", "id": "29ffxg2ijqxyrgxyy2vjj:1705114844", "creator": "FROSTY_CROSS"}, {"title": "The 16(10) levels of SATANS SOUL (.index edition) (HYPER TOWER HARD MODE)", "id": "29sgp24f1uorbc6vq8d2k:1686643210", "creator": ".index"}, {"title": "Holy Flop! Gotta Get to the Top!", "id": "2czbtyaqtbjo89sut7jqd:1722927329", "creator": "Thezra"}, {"title": "Pog NEVER CLEAR", "id": "2b8xxpb13ie10xo6oufdc:1717350246", "creator": "Soxisbad_m8"}, {"title": "50 Layers, 50 Checkpoints", "id": "2a7dx97v4xiepfpmj8gi4:1668284727", "creator": "Levi_athan"}, {"title": "a test of speed, precision, and endurance", "id": "29mu59yo9pbgwqloqhthe:1649025859", "creator": "littlebeastm8"}, {"title": "Deep Dip", "id": "2bvy4htc1ihhkf23hxxce:1715431131", "creator": "BigDum + Freinds"}, {"title": "Creative Name For A Grappler Map", "id": "2czbtyaqtbjo89sut7jqd:1712540065", "creator": "Thezra"}, {"title": ".index's Hyperest Tower", "id": "29sgp24f1uorbc6vq8d2k:1698641452", "creator": ".index"}, {"title": "Tunnel of Fun Timez", "id": "2czbtyaqtbjo89sut7jqd:1711137191", "creator": "Thezra"}, {"title": "Obby King", "id": "29wvwcyosrr43a72at6m5:1717034039", "creator": "Poggggg"}, {"title": "A CHALLENGE FOR TRON", "id": "2a6ekr378kiwrrodjri7e:1715430211", "creator": "YelloducVR"}, {"title": "Super Jump 3 Beyond", "creator": "oreo_gaming", "id": "2axkwzh6f43g1regf401p:1680445764"}, {"title": "SKILLS ONLY THREE SUPERBUFFED", "id": "29sgp24f1uorbc6vq8d2k:3", "creator": ".index"}, {"title": "A Climbers Fate", "id": "2bxznfs3tfog3d18517as:1697302532", "creator": "MedievalDuck"}, {"title": "Perplexed", "id": "29mu59yo9pbgwqloqhthe:1687203226", "creator": "by littlebeastm8"}, {"title": "Wasted Summer", "id": "2b8xxpb13ie10xo6oufdc:1717813550", "creator": "Sox"}, {"title": "Journey to Taco Fell", "id": "2czbtyaqtbjo89sut7jqd:1712092216", "creator": "Thezra"}, {"title": "Not Fun 2 Difficult", "creator": "Caziggy", "id": "29lmdv56fjch18bes1u2j:1695359575"}, {"title": "Colors are FUN", "id": "29ngj2xcdlinnuqz0vrw5:1677347202", "creator": "CursedPhantom"}, {"title": "Tricky Gimmick", "id": "2a16lrhk70q0s94hkbdwz:1710547165", "creator": "EBSpark"}, {"title": "Insert's Lava Climb", "creator": "Insert.vr", "id": "29nxcg0chi4uqcj7yk7f4:1700402282"}, {"title": " Tower of Micro Management", "id": "2bf8hyynuelajywj9k4n7:1715182410", "creator": "Polaris8477"}, {"title": "GRAB Rush: Kaizo 2", "id": "29sgp24f1uorbc6vq8d2k:1718785905", "creator": ".index"}, {"title": "the 10 levels of hyper speed tower", "id": "29iz7lwjt8f9l20uvr28b:1698519022", "creator": "D2Whiplash"}, {"title": "NaCl", "creator": "Caziggy", "id": "29lmdv56fjch18bes1u2j:1687525547"}, {"title": "The PYRAMID", "id": "2bf8hyynuelajywj9k4n7:1709914573", "creator": "Polaris8477"}, {"title": "Wildly Wacky Wonder", "id": "2czbtyaqtbjo89sut7jqd:1719711675", "creator": "Whezra"}, {"title": "OverKill", "creator": "BWLBuck", "id": "2a16lrhk70q0s94hkbdwz:1692289810"}, {"title": "Ice Topz", "id": "29wvwcyosrr43a72at6m5:1722819954", "creator": "Poggggg"}, {"title": "supesonic", "id": "29mu59yo9pbgwqloqhthe:1656892472", "creator": "littlebeastm8"}, {"title": "Go LAUNCH Tube Zoom (Silly)", "id": "2czbtyaqtbjo89sut7jqd:1714432463", "creator": "Thezra"}, {"title": "Quirky Quadrilaterals (ASCENT)", "id": "2bf8hyynuelajywj9k4n7:1718757291", "creator": "Polaris8477"}, {"title": "Icy Icy Snowcone!", "id": "2czbtyaqtbjo89sut7jqd:1715739614", "creator": "Thezra"}, {"title": "Dont Rage 2", "id": "29ngj2xcdlinnuqz0vrw5:1667965708", "creator": "CursedPhantom"}, {"title": "Journey To Burger Fling", "id": "2b8xxpb13ie10xo6oufdc:1714737576", "creator": "sox"}, {"title": "Frost Cross 2: Frostbitten Flight", "id": "2a7dx97v4xiepfpmj8gi4:1708709000", "creator": "Levi__athan"}, {"title": "FROSTYs ascent to space!", "id": "29ffxg2ijqxyrgxyy2vjj:1685915259", "creator": "FROSTY_CROSS"}, {"title": "SKILLS ONLY 2 SUPERBUFFED", "id": "29sgp24f1uorbc6vq8d2k:rick", "creator": ".index"}, {"title": "Sox's Challenge (ABILITTY AFFAIR)", "id": "2b8xxpb13ie10xo6oufdc:1682743658", "creator": "SOX-SUX"}, {"title": "The Mountain", "creator": "22Joshi22", "id": "29r46v7djliny6t4rzvq7:1654257963"}, {"title": "luhmaos tower", "creator": "luhmao", "id": "29vhvl94jvlw4vp4b019y:1658200709"}, {"title": "hellscape 3.0", "id": "2ahcj7h43oouxb22ztqzj:1664300921", "creator": "peechyy"}, {"title": "A Generic Climb Map", "id": "29wvwcyosrr43a72at6m5:1694130981", "creator": "Poggggg"}, {"title": "SKILLS ONLY GRAPPLER SUPERBUFFED", "id": "29sgp24f1uorbc6vq8d2k:1647420822", "creator": ".index"}, {"title": ".index's LAVA MAZE", "id": "29sgp24f1uorbc6vq8d2k:1683803469", "creator": ".index"}, {"title": "10 levels of hardness.", "id": "2cryril20wvakeozbsknk:1714874529", "creator": "doge785"}, {"title": "Kleptos Quick Thinker", "id": "29s8ukg906xmbviy554so:1725123174", "creator": "Kleptominer"}, {"title": "FROSTY And Buck's Quicker Thinker", "id": "2a16lrhk70q0s94hkbdwz:IllegalCrumbling", "creator": "BWLBuck"}, {"title": "The 19 levels of agony", "id": "29de83wbqxgo92ijwuub9:1639010130", "creator": "MC1125"}, {"title": "Dantes Inferno Ring 2", "creator": "TheWhiteCrescent", "id": "29gwwj3rpcbxe7q9maao7:1670769331"}, {"title": "Peaks- Frozen climb", "id": "29t798uon2urbra1f8w2q:1678575533", "creator": "Blackcat508"}, {"title": "Technical Difficulties 2", "id": "29w20l59y1m2zkzhkojnu:1710184663", "creator": "Mr. Madlord"}, {"title": "The Trilogy", "creator": "kudcom", "id": "29sgp24f1uorbc6vq8d2k:1679308617"}, {"title": "FROSTYs quick thinker", "id": "29ffxg2ijqxyrgxyy2vjj:1653135637", "creator": "FROSTY_CROSS"}, {"title": "my firts diffficuly charp", "id": "29lmdv56fjch18bes1u2j:1723512848", "creator": "Caziggy"}, {"title": "Box Trials", "creator": "oreo_gaming", "id": "2axkwzh6f43g1regf401p:1681259832"}, {"title": "Tower of Inner and Outer Scaling (ToIaOS)", "id": "2bf8hyynuelajywj9k4n7:1722893995", "creator": "Polaris8477"}, {"title": "the 10 levels of hyper tower", "id": "29defch3rck91fy5i8gvn:1640828755", "creator": "D2Whiplash"}, {"title": "clim fur 1 vbuc", "id": "2br3r3beexa8hy0yw4c6z:1713116688", "creator": "llama"}, {"title": "SKILLS ONLY X", "id": "2ag78daeo0xaz2bca9eq3:1723786068", "creator": "BLUDUK"}, {"title": "Not Fun Just Difficult", "id": "29lmdv56fjch18bes1u2j:1660411419", "creator": "Caziggy"}, {"title": "Absolute", "creator": ".index", "id": "29sgp24f1uorbc6vq8d2k:1662215530"}, {"title": "GRAB kaizo- BOOHOO's kingdom", "id": "29rkswgx13q8mej7mxdg6:1680365149", "creator": "AFT_Daring"}, {"title": "Four Walls", "creator": "Caziggy", "id": "29lmdv56fjch18bes1u2j:1702145332"}, {"title": "Help I'm Skewed", "id": "29lmdv56fjch18bes1u2j:1707273970", "creator": "Caziggy"}, {"title": "Tattered Cavern", "id": "2bvy4htc1ihhkf23hxxce:1719970822", "creator": "BigDum (Help from kozmic60"}, {"title": "Really Simple Kaizo Map Made For Infants", "id": "2bf8hyynuelajywj9k4n7:1718105709", "creator": "Polaris8477"}, {"title": "Preposterous Puzzles", "creator": "FitArtist334071", "id": "2bojjyjkmhegoqt73au7m:1693105300"}, {"title": "The 10 levels of HYPER TOWER (.index edition)", "id": "29sgp24f1uorbc6vq8d2k:1685172857", "creator": ".index"}, {"title": "brick level", "id": "29sgp24f1uorbc6vq8d2k:1689527615", "creator": ".index"}, {"title": "The Fall", "id": "29l4bgqjgc3prrst0udbe:1656871807", "creator": "kudcom"}, {"title": "SHIRO", "id": "29l50ea34l4s54rtclzus:1669594699", "creator": "cjbeast006"}, {"title": "Glory", "id": "29l4bgqjgc3prrst0udbe:1656263833", "creator": "kudcom"}, {"title": "The Rise", "creator": "kudcom", "id": "29l4bgqjgc3prrst0udbe:1656253628"}, {"title": "Steeple Of Puzzles!", "id": "2b2plkhwfthpvqrtq90em:1722547935", "creator": "Pack"}, {"title": "fling king", "id": "29iz7lwjt8f9l20uvr28b:1655334293", "creator": "D2Whiplash"}, {"title": "The Tutorial Cave", "id": "29r46v7djliny6t4rzvq7:1653137100", "creator": "22Joshi22"}, {"title": "Insert's Challenge (DEXTERTY DISPUTE)", "id": "29nxcg0chi4uqcj7yk7f4:1696170113", "creator": "Insert.vr"}, {"title": "Famgal Frights 1 - Lost", "id": "29n9hjza4lerqn38ee32h:1668361719", "creator": "Ruby Famgal"}]