{"29v9vd6n9z45d16mi2o2n": {"count": 285, "user_name": "JeffBobDude", "levels": 437, "change": 0}, "29px3pmrktk2sms8qmvqb": {"count": 162, "user_name": "CokeDeeee", "levels": 263, "change": 0}, "29st9jdcbxxotp0t9d8en": {"count": 142, "user_name": "Navilain", "levels": 192, "change": 0}, "2c0vvrzpz3uv0mp3n30r5": {"count": 130, "user_name": "AysonBoi", "levels": 516, "change": 0}, "29z0xnmo2bj7t5r2xfed1": {"count": 102, "user_name": "gman2giant", "levels": 534, "change": 0}, "29srqtwaq08zzhp3kng3u": {"count": 98, "user_name": "CoblerB1", "levels": 243, "change": 0}, "29sgp24f1uorbc6vq8d2k": {"count": 96, "user_name": "dotindex", "levels": 126, "change": 1}, "2ap0yu9y9g2lcvxbc5x3g": {"count": 89, "user_name": "dawn.qt", "levels": 107, "change": 0}, "2b2plkhwfthpvqrtq90em": {"count": 80, "user_name": "Pack_VR", "levels": 82, "change": 0}, "2aqj12racvbkdg8ge3ns9": {"count": 80, "user_name": "coleaaron", "levels": 120, "change": 0}, "2aqk2f39o44nxz0yixbas": {"count": 74, "user_name": "gage_rod?", "levels": 74, "change": 0}, "29rkswgx13q8mej7mxdg6": {"count": 70, "user_name": "AFT Studios?", "levels": 70, "change": 0}, "2bf8hyynuelajywj9k4n7": {"count": 67, "user_name": "Polaris8477?", "levels": 67, "change": 0}, "29l50ea34l4s54rtclzus": {"count": 66, "user_name": "cjbeast006", "levels": 66, "change": 0}, "29ngj2xcdlinnuqz0vrw5": {"count": 58, "user_name": "CursedPhantom?", "levels": 58, "change": 0}, "2a3gpy09xxjfr1wz03wpa": {"count": 56, "user_name": "uwentpoo?", "levels": 56, "change": 0}, "2cmoxwv8ddfsibgefwf15": {"count": 55, "user_name": "Meik123468?", "levels": 55, "change": 1}, "2a7kcrctb9fpib14lilnx": {"count": 55, "user_name": "felixart jasper?", "levels": 55, "change": 0}, "2bb7ndvntrf86g47ciwxn": {"count": 50, "user_name": "Danny_tyd?", "levels": 50, "change": 0}, "29t6ofzisqvkbl7002lj2": {"count": 50, "user_name": "Snowlux.?", "levels": 50, "change": 0}, "29id5ta7mb54j28tz6wfe": {"count": 49, "user_name": "Convrist", "levels": 49, "change": 0}, "29fvpmb6edfydi9s1ja3b": {"count": 48, "user_name": "ChoochooisCcool?", "levels": 48, "change": 0}, "29qt9i4e2th1db3i02aqm": {"count": 48, "user_name": "OtterBoy.XD?", "levels": 48, "change": 0}, "2acbdwj2bo9r9zkt79p72": {"count": 47, "user_name": "kookookrazy?", "levels": 47, "change": 0}, "2bvy4htc1ihhkf23hxxce": {"count": 46, "user_name": "BigDum + Freinds?", "levels": 46, "change": 0}, "2bgs6xyft9leb60a6o9sz": {"count": 45, "user_name": "Rebel_re?", "levels": 45, "change": 0}, "29ja0n94r4y9qwvmtotne": {"count": 44, "user_name": "Spacedude?", "levels": 44, "change": 0}, "29zwujsnjq6iu1jqa4keo": {"count": 44, "user_name": "levi8020?", "levels": 44, "change": 0}, "2aam8hifpkmxcnikfk70u": {"count": 43, "user_name": "christsam36?", "levels": 43, "change": 0}, "2am015n3aa6sebl0p6923": {"count": 42, "user_name": "ROUGUERUNNER?", "levels": 42, "change": 0}, "2a56pfisaa1mgejtlsb2z": {"count": 42, "user_name": "T_R_5_S?", "levels": 42, "change": 0}, "29zt2qubmwsbiczk0bkq5": {"count": 42, "user_name": "Sismond (Toothless Fish)?", "levels": 42, "change": 0}, "2awisnimljemcf4r2z7w0": {"count": 40, "user_name": "Dushislayer?", "levels": 40, "change": 1}, "2a62nshtmjxvbma47ovmg": {"count": 40, "user_name": "Axs4ly / 7.NICO?", "levels": 40, "change": 0}, "2bcw05auge92xtehn42vj": {"count": 40, "user_name": "POPTN47VR?", "levels": 40, "change": 0}, "29m7n0vpipuii6n4opztw": {"count": 38, "user_name": "Voidz?", "levels": 38, "change": 0}, "2a7bbqyw83p77rulpvfjc": {"count": 38, "user_name": "colvillian kozmic60 penguinvr1?", "levels": 38, "change": 0}, "2aa73bmv50jap4z792rrz": {"count": 38, "user_name": "Eternal_Z?", "levels": 38, "change": 0}, "2ay9po2nzhygd2lov96uh": {"count": 38, "user_name": "san8102?", "levels": 38, "change": 0}, "2ap647di3dc1k42jf4o2o": {"count": 37, "user_name": "yO0hooVr?", "levels": 37, "change": 0}, "29ffxg2ijqxyrgxyy2vjj": {"count": 37, "user_name": "FROSTY_CROSS?", "levels": 37, "change": 0}, "2b8xxpb13ie10xo6oufdc": {"count": 34, "user_name": "Soxisbad_m8?", "levels": 34, "change": 0}, "2avwivweloaof1owfioza": {"count": 34, "user_name": "manchu_j?", "levels": 34, "change": 0}, "2c9uw1hmr8t6d32l50qha": {"count": 33, "user_name": "GVPikachu?", "levels": 33, "change": 0}, "2a6ekr378kiwrrodjri7e": {"count": 33, "user_name": "YelloducVR?", "levels": 33, "change": 0}, "2a0qn18imtwvlnkmb6k62": {"count": 33, "user_name": "meanbeatle?", "levels": 33, "change": 0}, "29rbyudpcet6wdy3iidd4": {"count": 33, "user_name": "TLTT?", "levels": 33, "change": 0}, "2a0vlvqwxxjj77ap7s89p": {"count": 33, "user_name": "chuck?", "levels": 33, "change": 0}, "29z2lqii1qj785y6d1if1": {"count": 32, "user_name": "JC025?", "levels": 32, "change": 0}, "2ag78daeo0xaz2bca9eq3": {"count": 32, "user_name": "BLUDUK", "levels": 32, "change": 0}, "29vkm6bg32bc8t2wphvkl": {"count": 32, "user_name": "Vivid-Studios?", "levels": 32, "change": 0}, "29s2i1fciwou595ck5e0j": {"count": 31, "user_name": "Quellikit?", "levels": 31, "change": 0}, "2bs9a0kjj1uhssit33q3e": {"count": 31, "user_name": "-BernanaBread-?", "levels": 31, "change": 0}, "2cc6sv9sn32pegajuwlv8": {"count": 31, "user_name": "TBH_?", "levels": 31, "change": 0}, "2a4lsr3j8bypkewcx9s90": {"count": 31, "user_name": "MiloJenSopha", "levels": 31, "change": 0}, "2bmbn2tcbm89x9wv2idh1": {"count": 31, "user_name": "Rockyraider?", "levels": 31, "change": 0}, "2blgd8unf5ztm9e6b6e8m": {"count": 31, "user_name": "Hargrave?", "levels": 31, "change": 0}, "29y5xtwiv6shb636vdb9c": {"count": 31, "user_name": "SuperMeow?", "levels": 31, "change": 0}, "29vwpoz1ta63oys21bvfv": {"count": 31, "user_name": "dandestroys?", "levels": 31, "change": 0}, "2ako4mk7kyo1zx1hlee0m": {"count": 31, "user_name": "Medveds2021?", "levels": 31, "change": 0}, "29jglleo9p90k2ltcwp0w": {"count": 30, "user_name": "DashGuyMan?", "levels": 30, "change": 0}, "2a7dx97v4xiepfpmj8gi4": {"count": 30, "user_name": "Levi__athan", "levels": 30, "change": 0}, "2c5ydx8fsvu06m0kli9ya": {"count": 30, "user_name": "Th0mas.Lucas2013?", "levels": 30, "change": 0}, "2bckx8xvzyf3bplkkdcvk": {"count": 30, "user_name": "wpbrotherly?", "levels": 30, "change": 0}, "2c2g6cg7iid8vjgsquuq1": {"count": 29, "user_name": "darkmoon14?", "levels": 29, "change": 0}, "2c0jd4vvao1gicgwtbgp1": {"count": 29, "user_name": "muffin3553857?", "levels": 29, "change": 0}, "2a7dpr68r014rdkz6927a": {"count": 29, "user_name": "Auran_Simia?", "levels": 29, "change": 0}, "29iz7lwjt8f9l20uvr28b": {"count": 29, "user_name": "D2whiplash", "levels": 29, "change": 0}, "29fpodhowxpo5wf9i7n40": {"count": 29, "user_name": "Not Roomba?", "levels": 29, "change": 0}, "2a0r12prnob1y78t7wqpn": {"count": 29, "user_name": "Dyght_light?", "levels": 29, "change": 0}, "2af2v4lqxksl1ru5itxr1": {"count": 29, "user_name": "KillTheSith?", "levels": 29, "change": 0}, "2bw7n93ucctpgodil5kab": {"count": 28, "user_name": "Poozler.?", "levels": 28, "change": 0}, "2agpgweu9sg426khuau1e": {"count": 28, "user_name": "Not_That_Guy87?", "levels": 28, "change": 0}, "2bictdioy8cpavln3xife": {"count": 28, "user_name": "Dom734?", "levels": 28, "change": 0}, "29v72i7u8jyvqdgs68wmz": {"count": 28, "user_name": "Spibsboft?", "levels": 28, "change": 0}, "2b6xz7gf4az5gx4nxfyk0": {"count": 28, "user_name": "Frevr?", "levels": 28, "change": 0}, "2c5u0pgt7md3lwet489fd": {"count": 27, "user_name": "Display.vr?", "levels": 27, "change": 0}, "29vrfi2rn9euk64gqiehj": {"count": 27, "user_name": "dripshark?", "levels": 27, "change": 0}, "29lmdv56fjch18bes1u2j": {"count": 27, "user_name": "Caziggy", "levels": 27, "change": 0}, "2b9eljz194l1jhj8mrswh": {"count": 27, "user_name": "Logan1234VR?", "levels": 27, "change": 0}, "29va2dsayt70amm3wemgb": {"count": 27, "user_name": "demonicatee?", "levels": 27, "change": 0}, "29fs95tg98uoeuusuatrg": {"count": 26, "user_name": "ocfire?", "levels": 26, "change": 0}, "29rhk9gdy7iiza0k3tttk": {"count": 26, "user_name": "Trap11190", "levels": 26, "change": 0}, "29uyvcxcuqnm4ekq7z5u0": {"count": 26, "user_name": "Cybeey?", "levels": 26, "change": 0}, "2atg3hm1srd74b01fo3i9": {"count": 26, "user_name": "DrowDo112?", "levels": 26, "change": 0}, "2cmncr6aews7vii8uwdxx": {"count": 26, "user_name": "Kroklan?", "levels": 26, "change": 0}, "29vh4zn6z4csfonu7q274": {"count": 26, "user_name": "DE4THK33PER?", "levels": 26, "change": 0}, "2a86gnxz4qchpehkxwljh": {"count": 26, "user_name": "KingBrody1?", "levels": 26, "change": 0}, "2cetx058vknkc7thzxedz": {"count": 26, "user_name": "FISH72e?", "levels": 26, "change": 0}, "2a0wmzwrcpqssi4dpuu1k": {"count": 26, "user_name": "Cheesy?", "levels": 26, "change": 0}, "2a330dj0lwxto6urn4k9u": {"count": 26, "user_name": "GalNightWatcher?", "levels": 26, "change": 0}, "2aecs0jaf5xivnzt738gn": {"count": 26, "user_name": "RBM?", "levels": 26, "change": 0}, "29uo4gb383zks2eb02oja": {"count": 26, "user_name": "cyclops_22 cokedee rougueRunner?", "levels": 26, "change": 0}, "2auagl7xa2yy85q94u71c": {"count": 26, "user_name": "Hinduix?", "levels": 26, "change": 0}, "2cft3y5vpwwbjj3m1zu7r": {"count": 25, "user_name": "Watuprainb0w?", "levels": 25, "change": 0}, "2a5n7v3epw1uxy183j31y": {"count": 25, "user_name": "SadPillows?", "levels": 25, "change": 0}, "29wkk7z5doqibexw179f0": {"count": 25, "user_name": "Jordan.exe?", "levels": 25, "change": 0}, "29q70oaz6jygyg58d3p91": {"count": 25, "user_name": "123landan?", "levels": 25, "change": 0}, "2ban48bn4bd13rt3ys7ul": {"count": 24, "user_name": "carter.681313?", "levels": 24, "change": 0}, "29ud7gez9vdk384pyn63e": {"count": 24, "user_name": "Kristok?", "levels": 24, "change": 0}, "29nxcg0chi4uqcj7yk7f4": {"count": 24, "user_name": "Insert?", "levels": 24, "change": 0}, "2ajh3ta3oul1bb2sw66r5": {"count": 24, "user_name": "freezeeduck?", "levels": 24, "change": 0}, "29hvhqg39i8vs7yfx73do": {"count": 24, "user_name": "Ima_Rainbow?", "levels": 24, "change": 0}, "2agwsb5ud3b7oj61ptikj": {"count": 24, "user_name": "glitchkiller?", "levels": 24, "change": 0}, "2bt50le0w0d0a1cdpdw85": {"count": 23, "user_name": "Rapid?", "levels": 23, "change": 0}, "2be6m4805grk49usckjf6": {"count": 23, "user_name": "Bron_ze?", "levels": 23, "change": 0}, "29zgvg9pdy7lpk2szi6pc": {"count": 23, "user_name": "davidmhind?", "levels": 23, "change": 0}, "29xc83sott7wc21mlni58": {"count": 23, "user_name": "13OliviA?", "levels": 23, "change": 0}, "29vhvl94jvlw4vp4b019y": {"count": 23, "user_name": "luhmao", "levels": 23, "change": 0}, "29i3f522rkvzc4houzo8k": {"count": 23, "user_name": "Shadowmaker99?", "levels": 23, "change": 0}, "2a3z4abfe72jix3igkiwm": {"count": 23, "user_name": "Plushgaming?", "levels": 23, "change": 0}, "2ahb82qqut2dt3we3p2ok": {"count": 23, "user_name": "BliixVR?", "levels": 23, "change": 0}, "2ayex410d0zkllff9kv60": {"count": 23, "user_name": "KPW120?", "levels": 23, "change": 0}, "2bnvsxdrz964koyq2cftz": {"count": 22, "user_name": "theblueknight213 bryson crazyclay morgan_lucky?", "levels": 22, "change": 0}, "2ce16474jni6ar0fbqt2u": {"count": 22, "user_name": "megalynn3031?", "levels": 22, "change": 0}, "2b93wj2wcl250t02j8fo8": {"count": 22, "user_name": "The.Nothing?", "levels": 22, "change": 0}, "29xtpq591ckn2tvg2t2p6": {"count": 22, "user_name": "pistachio._.vr?", "levels": 22, "change": 0}, "2apwp69ys241z6dxb1ezd": {"count": 22, "user_name": "Albino1236?", "levels": 22, "change": 0}, "2axkwzh6f43g1regf401p": {"count": 22, "user_name": "OREO?", "levels": 22, "change": 0}, "2b1jnyxt723xlz8k28e7p": {"count": 22, "user_name": "Sturdy_like_B_Arthur?", "levels": 22, "change": 0}, "29rf0j9ksurlx1zybi2gm": {"count": 21, "user_name": "Doge786?", "levels": 21, "change": 0}, "2b62zm1al0ntvze4yiyt0": {"count": 21, "user_name": "AtypicalGoose45?", "levels": 21, "change": 0}, "29l5545g062rp81w2y8d8": {"count": 21, "user_name": "Nexus0?", "levels": 21, "change": 0}, "29forto9pppa29x9s1id7": {"count": 21, "user_name": "Si_boi?", "levels": 21, "change": 0}, "29t798uon2urbra1f8w2q": {"count": 21, "user_name": "BlackCat", "levels": 21, "change": 0}, "2abebn7t4lq4ydl89oxje": {"count": 21, "user_name": "FruitByTheFist?", "levels": 21, "change": 0}, "2bjpnbdr1zax8xqvdmxo4": {"count": 21, "user_name": "mc.lovin?", "levels": 21, "change": 0}, "29l4bgqjgc3prrst0udbe": {"count": 21, "user_name": "kudcom?", "levels": 21, "change": 0}, "2bpm88fxdzrczfp9gs8ra": {"count": 20, "user_name": "csw.vr20?", "levels": 20, "change": 0}, "2b0an06iko4dlrx80hzts": {"count": 20, "user_name": "trippie-kidd?", "levels": 20, "change": 0}, "2b72sot1djsih61hslps2": {"count": 20, "user_name": "Adrielthesgot?", "levels": 20, "change": 0}, "2clk2b7f50hloliaetk4e": {"count": 20, "user_name": "PicksVR?", "levels": 20, "change": 0}, "2c090toas1p142efr5puj": {"count": 20, "user_name": "Mufffinvr?", "levels": 20, "change": 0}, "29txb67fpczg7fn4f2sim": {"count": 20, "user_name": "Bray.boi?", "levels": 20, "change": 0}, "2b2lzuatgb2qccbb4a882": {"count": 20, "user_name": "COYOTE4789VR?", "levels": 20, "change": 0}, "2bgii584xnr8lcacolocu": {"count": 20, "user_name": "siren?", "levels": 20, "change": 0}, "2a16lrhk70q0s94hkbdwz": {"count": 20, "user_name": "EBSpark?", "levels": 20, "change": 0}, "2c192q2eptncyzclbolr6": {"count": 20, "user_name": "Cardenas712?", "levels": 20, "change": 0}, "2blpivozn2sda2qtolsem": {"count": 20, "user_name": "soy705?", "levels": 20, "change": 0}, "2b9yu7meupyl397ba77qs": {"count": 19, "user_name": "Finel?", "levels": 19, "change": 0}, "2ckjttcui8sngybwpcv7f": {"count": 19, "user_name": "linikx?", "levels": 19, "change": 0}, "29r46v7djliny6t4rzvq7": {"count": 19, "user_name": "22Joshi22", "levels": 19, "change": 0}, "2aejscunjtm5ktmn0lh0w": {"count": 19, "user_name": "LowkeyVrPro?", "levels": 19, "change": 0}, "29u20iwnokliu1o7agf2k": {"count": 19, "user_name": "provr.505807?", "levels": 19, "change": 0}, "2b177hao1rzgp5hlnw0ki": {"count": 19, "user_name": "TrxpinRizz?", "levels": 19, "change": 0}, "2bjxfndgtanz81tc9m38c": {"count": 19, "user_name": "lvffy?", "levels": 19, "change": 0}, "2b93ox4acylig5lbpbbom": {"count": 19, "user_name": "CreepyTrain?", "levels": 19, "change": 0}, "2b61qc7c8ie27k73j563h": {"count": 19, "user_name": "monkebanan.?", "levels": 19, "change": 0}, "2baxwxt6289kp0o45jkxk": {"count": 18, "user_name": "iceyboxes?", "levels": 18, "change": 1}, "2ae0jy55id5rfcw6dio4c": {"count": 18, "user_name": "satisfizork8?", "levels": 18, "change": 0}, "29q326yg5zvonygwn3jlt": {"count": 18, "user_name": "DizzyPerson?", "levels": 18, "change": 0}, "29mxpl6eug1pwpjlfffpf": {"count": 18, "user_name": "Theblueslime?", "levels": 18, "change": 0}, "2bozb3uh249q3769su9f8": {"count": 18, "user_name": "E3warriors?", "levels": 18, "change": 0}, "2cewmw4sw1cag1fdwgtoo": {"count": 18, "user_name": "Fun_Marcus?", "levels": 18, "change": 0}, "2c5395p7cjjpxj32f4hea": {"count": 18, "user_name": "flare?", "levels": 18, "change": 0}, "2bchn54kyx4ckk21efm81": {"count": 18, "user_name": "Chazerz?", "levels": 18, "change": 0}, "29uz2v9ivofbk5p6154ow": {"count": 18, "user_name": "VRGUY11513?", "levels": 18, "change": 0}, "2c265k7puq5nt7i4vqmyu": {"count": 18, "user_name": "Rlfty.vr?", "levels": 18, "change": 0}, "2b8s80v5pwgckhjdcuzht": {"count": 18, "user_name": "Urban Bruise?", "levels": 18, "change": 0}, "2a4u79hublovo3rg23tm5": {"count": 17, "user_name": "sovietstar.36?", "levels": 17, "change": 0}, "2a0ww6psn1b42o4ziik88": {"count": 17, "user_name": "logical.on.yt?", "levels": 17, "change": 0}, "2bgme6f7xvk2mpvgtxmu8": {"count": 17, "user_name": "BREAD1234231 Blake?", "levels": 17, "change": 0}, "2axm4b3yypfhaaxp2q69g": {"count": 17, "user_name": "K1dfun?", "levels": 17, "change": 0}, "29wvwcyosrr43a72at6m5": {"count": 17, "user_name": "Pogggg", "levels": 17, "change": 0}, "29w20l59y1m2zkzhkojnu": {"count": 17, "user_name": "Madlord", "levels": 17, "change": 0}, "2d22cq87n2fgxiigr43he": {"count": 17, "user_name": "HXDE?", "levels": 17, "change": 0}, "29t4nbsay09neyp02t8xs": {"count": 17, "user_name": "Mellyy_VR?", "levels": 17, "change": 0}, "2bns26w3fm3mw3878kl5j": {"count": 17, "user_name": "PurplrVr?", "levels": 17, "change": 0}, "29og5m2q1inny2pembx32": {"count": 17, "user_name": "Cosmic_Blade?", "levels": 17, "change": 0}, "29gz94k4607v9o0mao537": {"count": 17, "user_name": "bushbaby124?", "levels": 17, "change": 0}, "2a0kxgdeorhwwemli2443": {"count": 17, "user_name": "TKisCool11?", "levels": 17, "change": 0}, "2ak5u4cyuivrwrfb682hs": {"count": 17, "user_name": "boohoo77?", "levels": 17, "change": 0}, "2anras2bvr6wtdrk2500r": {"count": 16, "user_name": "kmastervr?", "levels": 16, "change": 0}, "2d6eatrr1ru3vqkduzuvc": {"count": 16, "user_name": "juicygt?", "levels": 16, "change": 0}, "2czbtyaqtbjo89sut7jqd": {"count": 16, "user_name": "Thezra", "levels": 16, "change": 0}, "2cz23obsr8av62k39zfuv": {"count": 16, "user_name": "Maxfredrick511?", "levels": 16, "change": 0}, "2b98oapjfx05t5nq33xpp": {"count": 16, "user_name": "crazysherman2?", "levels": 16, "change": 0}, "29gwwj3rpcbxe7q9maao7": {"count": 16, "user_name": "TheWhiteCrescent?", "levels": 16, "change": 0}, "29k763epg4asdivyctend": {"count": 16, "user_name": "GRAY_820?", "levels": 16, "change": 0}, "29i9tdz556zmfw2jro9mo": {"count": 16, "user_name": "K1rb0VR?", "levels": 16, "change": 0}, "29jrhgl4yonfa4q8gk9yi": {"count": 16, "user_name": "Slvrspeed?", "levels": 16, "change": 0}, "2akspl2rww2pvb44rfra2": {"count": 15, "user_name": "cookie12tl?", "levels": 15, "change": 0}, "2ao6urm519y3ttg54n20m": {"count": 15, "user_name": "The YLLF Team?", "levels": 15, "change": 0}, "2cryril20wvakeozbsknk": {"count": 15, "user_name": "ozzygee doge785?", "levels": 15, "change": 0}, "2bgtghm4bwjm8q8mb8zja": {"count": 15, "user_name": "4lphawolf?", "levels": 15, "change": 0}, "29rqdxks1jyqbrdnw6ggs": {"count": 15, "user_name": "CYDIGI3?", "levels": 15, "change": 0}, "2b5dd22l3yy6t211t59v5": {"count": 15, "user_name": "gotoediter?", "levels": 15, "change": 0}, "2bdgvs9mq43grmiabk1bk": {"count": 15, "user_name": "OLIVER-M?", "levels": 15, "change": 0}, "2br3r3beexa8hy0yw4c6z": {"count": 15, "user_name": "llama?", "levels": 15, "change": 0}, "2brx0i47b5clxyqcfuive": {"count": 15, "user_name": "vibz-vr?", "levels": 15, "change": 0}, "2bgi9lylhp5z9ywogu4j1": {"count": 15, "user_name": "Milk.and.0reos gage_rod Molten?", "levels": 15, "change": 0}, "2aintaldsrs17a0frbyup": {"count": 15, "user_name": "RaeVille?", "levels": 15, "change": 0}, "2cldi3ot818ep52ujuxfo": {"count": 15, "user_name": "cosmic_ST165290?", "levels": 15, "change": 0}, "29qqjp03bf3nt455cibkz": {"count": 15, "user_name": "Labeba oculuskane?", "levels": 15, "change": 0}, "2ba036f303ulw0lj4vbe4": {"count": 15, "user_name": "Uklas?", "levels": 15, "change": 0}, "2ccif4vlxgvcjai3x1vxx": {"count": 14, "user_name": "CoolKid.vr?", "levels": 14, "change": 0}, "2awvth9pt6j3y77zeh4p2": {"count": 14, "user_name": "4V0RT3X?", "levels": 14, "change": 0}, "2c1zboqdeilol5chq0xn3": {"count": 14, "user_name": "LouWhoGoo?", "levels": 14, "change": 0}, "2cxmr0aagisdpk2d2w1no": {"count": 14, "user_name": "DINOXPERT_2 AUGUSTMAYHEMVR YOOHOO?", "levels": 14, "change": 0}, "2aqcc03q9q4qq07w98vrg": {"count": 14, "user_name": "C.I.T.Y.V.R?", "levels": 14, "change": 0}}