{"2ap647di3dc1k42jf4o2o": {"plays": 1707600, "count": 37, "user_name": "yO0hooVrrr", "levels": 88, "change": 3800}, "2ag78daeo0xaz2bca9eq3": {"plays": 1468169, "count": 32, "user_name": "BLUDUK", "levels": 33, "change": 700}, "29t798uon2urbra1f8w2q": {"plays": 1401324, "count": 21, "user_name": "BlackCat508", "levels": 27, "change": 3300}, "29sgp24f1uorbc6vq8d2k": {"plays": 777809, "count": 96, "user_name": "dotindex", "levels": 126, "change": 1600}, "29id5ta7mb54j28tz6wfe": {"plays": 709015, "count": 49, "user_name": "Convrist", "levels": 83, "change": 600}, "29zwujsnjq6iu1jqa4keo": {"plays": 684392, "count": 44, "user_name": "levi8020", "levels": 46, "change": 1000}, "29l50ea34l4s54rtclzus": {"plays": 590177, "count": 66, "user_name": "cjbeast006", "levels": 112, "change": 0}, "29v9vd6n9z45d16mi2o2n": {"plays": 566656, "count": 285, "user_name": "JeffBobDude", "levels": 437, "change": 700}, "2acbdwj2bo9r9zkt79p72": {"plays": 457099, "count": 47, "user_name": "kookookrazy", "levels": 80, "change": 400}, "2a86gnxz4qchpehkxwljh": {"plays": 358045, "count": 26, "user_name": "KingBrody1", "levels": 61, "change": 0}, "29st9jdcbxxotp0t9d8en": {"plays": 355356, "count": 142, "user_name": "Mystery8281?", "levels": 142, "change": 500}, "2a4lsr3j8bypkewcx9s90": {"plays": 339013, "count": 31, "user_name": "MiloJenSopha", "levels": 31, "change": 300}, "2bb7ndvntrf86g47ciwxn": {"plays": 329900, "count": 50, "user_name": "Danny_tyd?", "levels": 50, "change": 600}, "2a56pfisaa1mgejtlsb2z": {"plays": 329397, "count": 42, "user_name": "T_R_5_S?", "levels": 42, "change": 300}, "29rkswgx13q8mej7mxdg6": {"plays": 290328, "count": 70, "user_name": "AFT Studios?", "levels": 70, "change": 800}, "29ffxg2ijqxyrgxyy2vjj": {"plays": 282966, "count": 37, "user_name": "FROSTY_CROSS?", "levels": 37, "change": 100}, "2aqj12racvbkdg8ge3ns9": {"plays": 282100, "count": 80, "user_name": "coleaaron?", "levels": 80, "change": 400}, "29iz7lwjt8f9l20uvr28b": {"plays": 275844, "count": 29, "user_name": "D2whiplash", "levels": 29, "change": 0}, "29fvpmb6edfydi9s1ja3b": {"plays": 266010, "count": 48, "user_name": "ChoochooisCcool?", "levels": 48, "change": 0}, "29rbyudpcet6wdy3iidd4": {"plays": 262957, "count": 33, "user_name": "TLTT?", "levels": 33, "change": 600}, "29hvhqg39i8vs7yfx73do": {"plays": 253505, "count": 24, "user_name": "Ima_Rainbow?", "levels": 24, "change": 0}, "29fpodhowxpo5wf9i7n40": {"plays": 248603, "count": 29, "user_name": "Not Roomba?", "levels": 29, "change": 0}, "29r46v7djliny6t4rzvq7": {"plays": 226759, "count": 19, "user_name": "22Joshi22", "levels": 19, "change": 200}, "29vhvl94jvlw4vp4b019y": {"plays": 220709, "count": 23, "user_name": "luhmao", "levels": 23, "change": 100}, "29l4bgqjgc3prrst0udbe": {"plays": 220007, "count": 21, "user_name": "kudcom?", "levels": 21, "change": 0}, "29zt2qubmwsbiczk0bkq5": {"plays": 219766, "count": 42, "user_name": "Sismond (Toothless Fish)?", "levels": 42, "change": 0}, "2a7dx97v4xiepfpmj8gi4": {"plays": 219613, "count": 30, "user_name": "Levi__athan", "levels": 30, "change": 300}, "2ap0yu9y9g2lcvxbc5x3g": {"plays": 210700, "count": 89, "user_name": "dawn?", "levels": 89, "change": 100}, "29n9hjza4lerqn38ee32h": {"plays": 201911, "count": 11, "user_name": "Famgal", "levels": 11, "change": 0}, "2aqk2f39o44nxz0yixbas": {"plays": 200700, "count": 74, "user_name": "gage_rod?", "levels": 74, "change": 200}, "29lmdv56fjch18bes1u2j": {"plays": 199793, "count": 27, "user_name": "Caziggy", "levels": 27, "change": 300}, "2a3z4abfe72jix3igkiwm": {"plays": 198394, "count": 23, "user_name": "Plushgaming?", "levels": 23, "change": 200}, "2aa0lcnuwvv06gw64jl5l": {"plays": 183626, "count": 6, "user_name": "JBK777JBK?", "levels": 6, "change": 100}, "29dw8se42ahhy3ug1abjl": {"plays": 179273, "count": 12, "user_name": "SUWANDABOMB?", "levels": 12, "change": 0}, "29px3pmrktk2sms8qmvqb": {"plays": 178800, "count": 162, "user_name": "CokeDeeee?", "levels": 162, "change": 100}, "29mu59yo9pbgwqloqhthe": {"plays": 174237, "count": 5, "user_name": "littlebeastM8", "levels": 5, "change": 400}, "29y5xtwiv6shb636vdb9c": {"plays": 165600, "count": 31, "user_name": "SuperMeow?", "levels": 31, "change": 200}, "29vkm6bg32bc8t2wphvkl": {"plays": 160216, "count": 32, "user_name": "Vivid-Studios?", "levels": 32, "change": 0}, "29ngj2xcdlinnuqz0vrw5": {"plays": 154400, "count": 58, "user_name": "CursedPhantom?", "levels": 58, "change": 0}, "29m7n0vpipuii6n4opztw": {"plays": 153269, "count": 38, "user_name": "Voidz?", "levels": 38, "change": 200}, "29rhk9gdy7iiza0k3tttk": {"plays": 153171, "count": 26, "user_name": "Trap11190", "levels": 26, "change": 300}, "29k763epg4asdivyctend": {"plays": 146920, "count": 16, "user_name": "GRAY_820?", "levels": 16, "change": 100}, "2c0vvrzpz3uv0mp3n30r5": {"plays": 146200, "count": 130, "user_name": "AysonBoi?", "levels": 130, "change": 500}, "29v72i7u8jyvqdgs68wmz": {"plays": 145601, "count": 28, "user_name": "Spibsboft?", "levels": 28, "change": 0}, "2bxznfs3tfog3d18517as": {"plays": 139600, "count": 12, "user_name": "MedievalDuck?", "levels": 12, "change": 200}, "29srqtwaq08zzhp3kng3u": {"plays": 132479, "count": 98, "user_name": "CoblerB1?", "levels": 98, "change": 0}, "2bckx8xvzyf3bplkkdcvk": {"plays": 131800, "count": 30, "user_name": "wpbrotherly?", "levels": 30, "change": 300}, "2a2x6ld8bmv9k29y6yusw": {"plays": 126700, "count": 13, "user_name": "DamondStrke?", "levels": 13, "change": 400}, "29xha50dcq5lo9dw72pjv": {"plays": 124794, "count": 9, "user_name": "Made by Humblez1008?", "levels": 9, "change": 0}, "2ay9po2nzhygd2lov96uh": {"plays": 121900, "count": 38, "user_name": "san8102?", "levels": 38, "change": 100}, "2axkwzh6f43g1regf401p": {"plays": 117500, "count": 22, "user_name": "OREO?", "levels": 22, "change": 100}, "2aa73bmv50jap4z792rrz": {"plays": 110947, "count": 38, "user_name": "Eternal_Z?", "levels": 38, "change": 100}, "2a0vlvqwxxjj77ap7s89p": {"plays": 107409, "count": 33, "user_name": "chuck?", "levels": 33, "change": 100}, "2b2plkhwfthpvqrtq90em": {"plays": 105000, "count": 80, "user_name": "Pack?", "levels": 80, "change": 200}, "29i3f522rkvzc4houzo8k": {"plays": 104788, "count": 23, "user_name": "Shadowmaker99?", "levels": 23, "change": 200}, "2bf8hyynuelajywj9k4n7": {"plays": 104100, "count": 67, "user_name": "Polaris8477?", "levels": 67, "change": 400}, "29z0xnmo2bj7t5r2xfed1": {"plays": 103400, "count": 102, "user_name": "gman2giant?", "levels": 102, "change": 100}, "2b93wj2wcl250t02j8fo8": {"plays": 102400, "count": 22, "user_name": "The.Nothing?", "levels": 22, "change": 300}, "2a7bbqyw83p77rulpvfjc": {"plays": 96698, "count": 38, "user_name": "colvillian kozmic60 penguinvr1?", "levels": 38, "change": 300}, "2awf62f0y60gptc9cbecf": {"plays": 95500, "count": 8, "user_name": "Eclipse", "levels": 8, "change": 200}, "2a5n7v3epw1uxy183j31y": {"plays": 95000, "count": 25, "user_name": "SadPillows?", "levels": 25, "change": 500}, "29ja0n94r4y9qwvmtotne": {"plays": 92533, "count": 44, "user_name": "Spacedude?", "levels": 44, "change": 300}, "2cft3y5vpwwbjj3m1zu7r": {"plays": 90600, "count": 25, "user_name": "Watuprainb0w?", "levels": 25, "change": 1300}, "29go992y0nneasny23jeg": {"plays": 89752, "count": 8, "user_name": "Fizzn?", "levels": 8, "change": 100}, "2ak5u4cyuivrwrfb682hs": {"plays": 85100, "count": 17, "user_name": "boohoo77?", "levels": 17, "change": 100}, "29tt9h06ove2r7tgqxk8u": {"plays": 83416, "count": 8, "user_name": "SyphonArtz?", "levels": 8, "change": 100}, "2am015n3aa6sebl0p6923": {"plays": 83300, "count": 42, "user_name": "ROUGUERUNNER?", "levels": 42, "change": 200}, "29ez3wt6ccsuj6z7swe0c": {"plays": 79871, "count": 9, "user_name": "Ryan80s?", "levels": 9, "change": 0}, "29gt1y0qnhqroa05difmb": {"plays": 79408, "count": 13, "user_name": "daepik?", "levels": 13, "change": 0}, "2a16lrhk70q0s94hkbdwz": {"plays": 78900, "count": 20, "user_name": "EBSpark?", "levels": 20, "change": 0}, "29w20l59y1m2zkzhkojnu": {"plays": 78298, "count": 17, "user_name": "Madlord", "levels": 17, "change": 0}, "29vih58vxaf0uwg4bfcbl": {"plays": 76824, "count": 4, "user_name": "shadowmaker99?", "levels": 4, "change": 0}, "2czbtyaqtbjo89sut7jqd": {"plays": 76300, "count": 16, "user_name": "Thezra", "levels": 16, "change": 400}, "290oi9frh8eihrh1r5z0q": {"plays": 75609, "count": 5, "user_name": "Slin", "levels": 5, "change": 0}, "2a7dpr68r014rdkz6927a": {"plays": 74355, "count": 29, "user_name": "Auran_Simia?", "levels": 29, "change": 100}, "2c0jd4vvao1gicgwtbgp1": {"plays": 73400, "count": 29, "user_name": "muffin3553857?", "levels": 29, "change": 100}, "29gzfm9m4n0obpky83l3k": {"plays": 72802, "count": 10, "user_name": "AjcAce1?", "levels": 10, "change": 0}, "29hkp7pqsm07is6e514hu": {"plays": 72384, "count": 8, "user_name": "Tex?", "levels": 8, "change": 100}, "29defch3rck91fy5i8gvn": {"plays": 71122, "count": 5, "user_name": "hyper?", "levels": 5, "change": 100}, "290oi9o5ziqvg9cxbo2a4": {"plays": 68549, "count": 8, "user_name": "DesktopGoose_?", "levels": 8, "change": 0}, "29q326yg5zvonygwn3jlt": {"plays": 67929, "count": 18, "user_name": "DizzyPerson?", "levels": 18, "change": 500}, "29txb67fpczg7fn4f2sim": {"plays": 67427, "count": 20, "user_name": "Bray.boi?", "levels": 20, "change": 100}, "2c265k7puq5nt7i4vqmyu": {"plays": 66800, "count": 18, "user_name": "Rlfty.vr?", "levels": 18, "change": 100}, "2a0qn18imtwvlnkmb6k62": {"plays": 65700, "count": 33, "user_name": "meanbeatle?", "levels": 33, "change": 200}, "29j5kd62qrg5797wiiwpx": {"plays": 64850, "count": 8, "user_name": "Nash_human?", "levels": 8, "change": 0}, "29jrhgl4yonfa4q8gk9yi": {"plays": 64660, "count": 16, "user_name": "Slvrspeed?", "levels": 16, "change": 0}, "29uyvcxcuqnm4ekq7z5u0": {"plays": 64356, "count": 26, "user_name": "Cybeey?", "levels": 26, "change": 0}, "29i9tdz556zmfw2jro9mo": {"plays": 63597, "count": 16, "user_name": "K1rb0VR?", "levels": 16, "change": 0}, "29t6ofzisqvkbl7002lj2": {"plays": 62800, "count": 50, "user_name": "Snowlux.?", "levels": 50, "change": 0}, "29gwwj3rpcbxe7q9maao7": {"plays": 62339, "count": 16, "user_name": "TheWhiteCrescent?", "levels": 16, "change": 0}, "2cy4sa1j6swl9kg1vu6q6": {"plays": 59400, "count": 4, "user_name": "Cosmixz?", "levels": 4, "change": 200}, "2a62nshtmjxvbma47ovmg": {"plays": 59315, "count": 40, "user_name": "Axs4ly / 7.NICO?", "levels": 40, "change": 0}, "29mctit5mxjgah30uk94r": {"plays": 57646, "count": 6, "user_name": "Playermaroon?", "levels": 6, "change": 0}, "29vwpoz1ta63oys21bvfv": {"plays": 57600, "count": 31, "user_name": "dandestroys?", "levels": 31, "change": 100}, "2af3jlajxidaae9c1aw7p": {"plays": 55900, "count": 13, "user_name": "SteijeAwesome?", "levels": 13, "change": 100}, "2auagl7xa2yy85q94u71c": {"plays": 55900, "count": 26, "user_name": "Hinduix?", "levels": 26, "change": 0}, "29va2dsayt70amm3wemgb": {"plays": 55317, "count": 27, "user_name": "demonicatee?", "levels": 27, "change": 0}, "29elbhrfgw6v0dr1xw1vx": {"plays": 55035, "count": 9, "user_name": "FuzSyn?", "levels": 9, "change": 100}, "2cc6sv9sn32pegajuwlv8": {"plays": 54600, "count": 31, "user_name": "TBH_?", "levels": 31, "change": 100}, "29xc83sott7wc21mlni58": {"plays": 54300, "count": 23, "user_name": "13OliviA?", "levels": 23, "change": 100}, "29l3ra474cb0ykegb4ltq": {"plays": 54048, "count": 9, "user_name": "Hmmmmmmmnm?", "levels": 9, "change": 0}, "29jglleo9p90k2ltcwp0w": {"plays": 53316, "count": 30, "user_name": "DashGuyMan?", "levels": 30, "change": 0}, "29qt9i4e2th1db3i02aqm": {"plays": 52800, "count": 48, "user_name": "OtterBoy.XD?", "levels": 48, "change": 0}, "29l5545g062rp81w2y8d8": {"plays": 52767, "count": 21, "user_name": "Nexus0?", "levels": 21, "change": 0}, "2bvy4htc1ihhkf23hxxce": {"plays": 52600, "count": 46, "user_name": "BigDum + Freinds?", "levels": 46, "change": 0}, "29n53to671s7yzye5x87c": {"plays": 52149, "count": 7, "user_name": "nameless2008?", "levels": 7, "change": 0}, "29gmek2pnwqqx27g565hs": {"plays": 51500, "count": 10, "user_name": "Stand.i?", "levels": 10, "change": 500}, "2a3gpy09xxjfr1wz03wpa": {"plays": 51200, "count": 56, "user_name": "uwentpoo?", "levels": 56, "change": 0}, "2c9uw1hmr8t6d32l50qha": {"plays": 50600, "count": 33, "user_name": "GVPikachu?", "levels": 33, "change": 400}, "29wvwcyosrr43a72at6m5": {"plays": 48200, "count": 17, "user_name": "Pogggg", "levels": 17, "change": 100}, "29wgmbz8kb7lf7omolq47": {"plays": 47795, "count": 7, "user_name": "ZaziPogChamp?", "levels": 7, "change": 0}, "29j587czspfad6m100ktn": {"plays": 47685, "count": 8, "user_name": "TurtleDude1274?", "levels": 8, "change": 0}, "29z2lqii1qj785y6d1if1": {"plays": 47407, "count": 32, "user_name": "JC025?", "levels": 32, "change": 0}, "29s2i1fciwou595ck5e0j": {"plays": 47200, "count": 31, "user_name": "Quellikit?", "levels": 31, "change": 500}, "2d6eatrr1ru3vqkduzuvc": {"plays": 45400, "count": 16, "user_name": "juicygt?", "levels": 16, "change": 300}, "29lf9hfv89zt15zed9vdj": {"plays": 45314, "count": 8, "user_name": "RandomPersom365?", "levels": 8, "change": 0}, "2a7kcrctb9fpib14lilnx": {"plays": 45000, "count": 55, "user_name": "felixart jasper?", "levels": 55, "change": 0}, "29uo4gb383zks2eb02oja": {"plays": 45000, "count": 26, "user_name": "cyclops_22 cokedee rougueRunner?", "levels": 26, "change": 0}, "2b8xxpb13ie10xo6oufdc": {"plays": 44942, "count": 34, "user_name": "Soxisbad_m8?", "levels": 34, "change": 0}, "29tl1apghg2blctav7vkd": {"plays": 44300, "count": 11, "user_name": "AnthonR100?", "levels": 11, "change": 0}, "29hjakk02o9afawikwz6s": {"plays": 44139, "count": 4, "user_name": "Thatonedude?", "levels": 4, "change": 0}, "2awisnimljemcf4r2z7w0": {"plays": 44000, "count": 40, "user_name": "Dushislayer?", "levels": 40, "change": 1200}, "2aecs0jaf5xivnzt738gn": {"plays": 43900, "count": 26, "user_name": "RBM?", "levels": 26, "change": 100}, "29gz94k4607v9o0mao537": {"plays": 43700, "count": 17, "user_name": "bushbaby124?", "levels": 17, "change": 0}, "2bs9a0kjj1uhssit33q3e": {"plays": 43400, "count": 31, "user_name": "-BernanaBread-?", "levels": 31, "change": 100}, "29f26bkvuyf34bzhtmh5y": {"plays": 43387, "count": 5, "user_name": "HanSlukas?", "levels": 5, "change": 0}, "29z2hqnrq3z3z9jytuk0s": {"plays": 43305, "count": 8, "user_name": "NinjaFDW0915?", "levels": 8, "change": 0}, "2agwsb5ud3b7oj61ptikj": {"plays": 42800, "count": 24, "user_name": "glitchkiller?", "levels": 24, "change": 100}, "2af2v4lqxksl1ru5itxr1": {"plays": 42466, "count": 29, "user_name": "KillTheSith?", "levels": 29, "change": 0}, "29lmtkl6kqeqou0r3azch": {"plays": 42051, "count": 6, "user_name": "ThunderC00kie?", "levels": 6, "change": 0}, "2ak0ysv35egakgfilswpy": {"plays": 42000, "count": 10, "user_name": "EBspark", "levels": 10, "change": 100}, "2ajw6t1seakwu6x722ouf": {"plays": 41701, "count": 14, "user_name": "Keepnitweird?", "levels": 14, "change": 0}, "2a73z9w96pj5xd7f9buly": {"plays": 41600, "count": 4, "user_name": "MrGearworks?", "levels": 4, "change": 100}, "29s99t6ls4v75cw579qum": {"plays": 41587, "count": 5, "user_name": "Jman26M?", "levels": 5, "change": 0}, "2b9eljz194l1jhj8mrswh": {"plays": 40600, "count": 27, "user_name": "Logan1234VR?", "levels": 27, "change": 100}, "2a330dj0lwxto6urn4k9u": {"plays": 40200, "count": 26, "user_name": "GalNightWatcher?", "levels": 26, "change": 0}, "2aam8hifpkmxcnikfk70u": {"plays": 40100, "count": 43, "user_name": "christsam36?", "levels": 43, "change": 0}, "29l6k158jc1k5cvrvuova": {"plays": 40019, "count": 9, "user_name": "diego2lego?", "levels": 9, "change": 0}, "2avwivweloaof1owfioza": {"plays": 40000, "count": 34, "user_name": "manchu_j?", "levels": 34, "change": 0}, "29gyj56siqb1y1ceavn5p": {"plays": 39499, "count": 6, "user_name": "Ostlerz?", "levels": 6, "change": 0}, "29skp78bbvwftd0spgn2g": {"plays": 39222, "count": 9, "user_name": "cat____vr?", "levels": 9, "change": 0}, "29st4s12hz8h6qdk2nwj5": {"plays": 38407, "count": 3, "user_name": "mered2?", "levels": 3, "change": 0}, "29gxk4ac561x75ex73n5p": {"plays": 38344, "count": 4, "user_name": "JBK777JBK?", "levels": 4, "change": 0}, "2bnvsxdrz964koyq2cftz": {"plays": 38100, "count": 22, "user_name": "theblueknight213 bryson crazyclay morgan_lucky?", "levels": 22, "change": 500}, "2c090toas1p142efr5puj": {"plays": 38100, "count": 20, "user_name": "Mufffinvr?", "levels": 20, "change": 200}, "29gyttxv1hysh8sq5kc3w": {"plays": 37131, "count": 4, "user_name": "?", "levels": 4, "change": 0}, "2ajh3ta3oul1bb2sw66r5": {"plays": 37000, "count": 24, "user_name": "freezeeduck?", "levels": 24, "change": 0}, "2cz23obsr8av62k39zfuv": {"plays": 36800, "count": 16, "user_name": "Maxfredrick511?", "levels": 16, "change": 0}, "29se1u9xlnucffcqgzpp0": {"plays": 36700, "count": 10, "user_name": "nemepro21?", "levels": 10, "change": 100}, "29groti2nn26nqm3jut6w": {"plays": 36623, "count": 4, "user_name": "rimap?", "levels": 4, "change": 0}, "29nwdoodzjnq2zx2awan8": {"plays": 36235, "count": 2, "user_name": "cheeseygorilla.vr?", "levels": 2, "change": 0}, "29ngj6vd1cname1abk5gs": {"plays": 36158, "count": 4, "user_name": "ooscar?", "levels": 4, "change": 0}, "29l3oh9b54jp4yoh04a37": {"plays": 35920, "count": 7, "user_name": "JARELL0814?", "levels": 7, "change": 0}, "2bzhrkzw77sqehvl1con6": {"plays": 35800, "count": 10, "user_name": "emeryization?", "levels": 10, "change": 100}, "29slqluowev36vk5cre6a": {"plays": 35559, "count": 8, "user_name": "SKLvortex?", "levels": 8, "change": 0}, "29h4k8rx1baapy5g4rub8": {"plays": 35462, "count": 4, "user_name": "SpiritWolf90?", "levels": 4, "change": 0}, "2clk2b7f50hloliaetk4e": {"plays": 35400, "count": 20, "user_name": "PicksVR?", "levels": 20, "change": 0}, "29gxb58szzk3y663rigeo": {"plays": 35319, "count": 7, "user_name": "Phantom?", "levels": 7, "change": 0}, "29qq06nltkdrgigdwfm58": {"plays": 35184, "count": 2, "user_name": "Phantom0727?", "levels": 2, "change": 0}, "2a05eseajfyoc8tdre29b": {"plays": 35178, "count": 6, "user_name": "Electtriicc?", "levels": 6, "change": 0}, "29z7skfmpibqw259vy1yl": {"plays": 34856, "count": 4, "user_name": "BurntVruity?", "levels": 4, "change": 0}, "2bcw05auge92xtehn42vj": {"plays": 34400, "count": 40, "user_name": "POPTN47VR?", "levels": 40, "change": 0}, "2bojjyjkmhegoqt73au7m": {"plays": 34000, "count": 10, "user_name": "FitArtist", "levels": 10, "change": 100}, "2bmbn2tcbm89x9wv2idh1": {"plays": 33900, "count": 31, "user_name": "Rockyraider?", "levels": 31, "change": 0}, "2ayex410d0zkllff9kv60": {"plays": 33500, "count": 23, "user_name": "KPW120?", "levels": 23, "change": 0}, "29prp534vnw8llkf0v0qm": {"plays": 33499, "count": 10, "user_name": "ForevrGrab?", "levels": 10, "change": 100}, "29qzgk7o9ok0b8rjo6nvl": {"plays": 33445, "count": 5, "user_name": "TheRealHamter?", "levels": 5, "change": 0}, "2b93ox4acylig5lbpbbom": {"plays": 33200, "count": 19, "user_name": "CreepyTrain?", "levels": 19, "change": 0}, "29de83wbqxgo92ijwuub9": {"plays": 32844, "count": 4, "user_name": "MC1125?", "levels": 4, "change": 0}, "29qjlpa23xpusfczrudo3": {"plays": 32748, "count": 5, "user_name": "Coffee?", "levels": 5, "change": 0}, "2a6ekr378kiwrrodjri7e": {"plays": 32638, "count": 33, "user_name": "YelloducVR?", "levels": 33, "change": 0}, "29rf0j9ksurlx1zybi2gm": {"plays": 32378, "count": 21, "user_name": "Doge786?", "levels": 21, "change": 200}, "2bgs6xyft9leb60a6o9sz": {"plays": 32100, "count": 45, "user_name": "Rebel_re?", "levels": 45, "change": 100}, "29vrfi2rn9euk64gqiehj": {"plays": 31900, "count": 27, "user_name": "dripshark?", "levels": 27, "change": 100}, "2blgd8unf5ztm9e6b6e8m": {"plays": 31800, "count": 31, "user_name": "Hargrave?", "levels": 31, "change": 0}, "2a12zdyrs89l4pxf8gfoj": {"plays": 31629, "count": 11, "user_name": "Oculusbest53?", "levels": 11, "change": 0}, "2bozb3uh249q3769su9f8": {"plays": 31200, "count": 18, "user_name": "E3warriors?", "levels": 18, "change": 100}, "29vh4zn6z4csfonu7q274": {"plays": 30900, "count": 26, "user_name": "DE4THK33PER?", "levels": 26, "change": 200}, "29fepoynidnp7qyrehk6z": {"plays": 30725, "count": 2, "user_name": "PimpMonke?", "levels": 2, "change": 0}, "29qhs186xz2k9etydckfv": {"plays": 30245, "count": 4, "user_name": "Gummy Worm?", "levels": 4, "change": 0}, "2b62zm1al0ntvze4yiyt0": {"plays": 30200, "count": 21, "user_name": "AtypicalGoose45?", "levels": 21, "change": 0}, "29onl3iomwqfz7fczbexi": {"plays": 30114, "count": 10, "user_name": "?", "levels": 10, "change": 0}, "29pmpz7ggf7pna3capbvk": {"plays": 29585, "count": 5, "user_name": "by greenmonkyvr?", "levels": 5, "change": 0}, "29y4t9k91rjzgljpr6vut": {"plays": 29396, "count": 5, "user_name": "zander.kriter.7Redrage360?", "levels": 5, "change": 0}, "2adm0ukmwbn2jcg5orrva": {"plays": 29178, "count": 11, "user_name": "KboGamez?", "levels": 11, "change": 1200}, "29fmd5nmjmp4bde8gig89": {"plays": 29023, "count": 6, "user_name": "?", "levels": 6, "change": 0}, "29k9calx4s6abse60sp7r": {"plays": 28684, "count": 5, "user_name": "King_Alex907?", "levels": 5, "change": 0}, "29otmmy6zoh1lhs3i8rhe": {"plays": 28595, "count": 2, "user_name": "codster07?", "levels": 2, "change": 0}, "29hwfiakfosaf1js1zjn8": {"plays": 28499, "count": 5, "user_name": "chaos?", "levels": 5, "change": 0}, "2cmoxwv8ddfsibgefwf15": {"plays": 28100, "count": 55, "user_name": "Meik123468?", "levels": 55, "change": 300}, "2bsvym9fh5xx4xcaeg290": {"plays": 28000, "count": 3, "user_name": "DRACULA?", "levels": 3, "change": 0}, "29h0a13nd1z4nkb0rogrp": {"plays": 27777, "count": 3, "user_name": "MrPugJones?", "levels": 3, "change": 0}, "29x5vbu5lm77s6778mqm9": {"plays": 27694, "count": 5, "user_name": "AnAnt5?", "levels": 5, "change": 0}, "29xtpq591ckn2tvg2t2p6": {"plays": 27600, "count": 22, "user_name": "pistachio._.vr?", "levels": 22, "change": 0}, "29xsrxoyvewukwm4knjul": {"plays": 27594, "count": 8, "user_name": "Pickle and others?", "levels": 8, "change": 0}, "2cmncr6aews7vii8uwdxx": {"plays": 27500, "count": 26, "user_name": "Kroklan?", "levels": 26, "change": 100}, "29yyxnknuaikwurm4nubp": {"plays": 27496, "count": 4, "user_name": "reddustriley2007 22joshi22?", "levels": 4, "change": 0}, "2aha0slgexpawii0i6poy": {"plays": 27100, "count": 8, "user_name": "KbearTheGrizz?", "levels": 8, "change": 0}, "2abebn7t4lq4ydl89oxje": {"plays": 27100, "count": 21, "user_name": "FruitByTheFist?", "levels": 21, "change": 0}, "29i24qwdbsa450cvx0r4r": {"plays": 27095, "count": 4, "user_name": ":)?", "levels": 4, "change": 0}}