[{"identifier": "29mu59yo9pbgwqloqhthe:1690745443", "title": "Impossible", "complexity": 229, "update_timestamp": 1722546072852, "creation_timestamp": 1690755852015, "tags": ["ok"], "statistics": {"total_played": 30700, "difficulty": 0, "difficulty_string": "impossible", "liked": 0, "time": 100}, "images": {"thumb": {"key": "level_29mu59yo9pbgwqloqhthe_1690745443_1_thumb.png"}}, "iteration": 3, "creators": ["?"], "change": 100}, {"identifier": "29mu59yo9pbgwqloqhthe:1700955740", "title": "The challenge", "complexity": 2869, "update_timestamp": 1716172076313, "creation_timestamp": 1703639626231, "creators": ["LittleBeastM8. also love you dotindex"], "tags": ["ok"], "statistics": {"total_played": 58400, "difficulty": 0, "difficulty_string": "impossible", "liked": 0, "time": 100}, "images": {"thumb": {"key": "level_29mu59yo9pbgwqloqhthe_1700955740_4_thumb.png"}}, "iteration": 6, "change": 200}, {"identifier": "29sgp24f1uorbc6vq8d2k:1704720535", "title": "THE GRID", "complexity": 2328, "update_timestamp": 1709873735653, "creation_timestamp": 1709873735653, "creators": [".index"], "tags": ["ok"], "statistics": {"total_played": 52100, "difficulty": 0, "difficulty_string": "impossible", "liked": 0, "time": 100}, "images": {"thumb": {"key": "level_29sgp24f1uorbc6vq8d2k_1704720535_1_thumb.png"}}, "change": 300}, {"identifier": "29sgp24f1uorbc6vq8d2k:1681631795", "title": "SKILLS ONLY 5 SUPERBUFFED", "complexity": 2454, "update_timestamp": 1713353801057, "creation_timestamp": 1681633684005, "creators": [".index", " BLUDUK"], "tags": ["ok"], "statistics": {"total_played": 12200, "difficulty": 0, "difficulty_string": "impossible", "liked": 0, "time": 100}, "images": {"thumb": {"key": "level_29sgp24f1uorbc6vq8d2k_1681631795_3_thumb.png"}}, "iteration": 5, "change": 100}, {"identifier": "2czbtyaqtbjo89sut7jqd:1713407280", "title": "FitArtist NEVER CLEAR", "complexity": 2788, "update_timestamp": 1715202625501, "creation_timestamp": 1715202625501, "creators": ["Thezra"], "tags": ["ok"], "statistics": {"total_played": 12100, "difficulty": 0, "difficulty_string": "impossible", "liked": 0, "time": 100}, "images": {"thumb": {"key": "level_2czbtyaqtbjo89sut7jqd_1713407280_1_thumb.png"}}, "change": 0}, {"identifier": "2cmndb6aqd04eegbagxbo:1719341591", "title": "Pyramid Ascent", "complexity": 630, "update_timestamp": 1719609493485, "creation_timestamp": 1719609493485, "creators": ["vestria", "Llama"], "tags": ["ok"], "statistics": {"total_played": 8500, "difficulty": 0, "difficulty_string": "impossible", "liked": 0, "time": 100}, "images": {"thumb": {"key": "level_2cmndb6aqd04eegbagxbo_1719341591_1_thumb.png"}}, "change": 100}, {"identifier": "2b8xxpb13ie10xo6oufdc:1717813550", "title": "Wasted Summer", "complexity": 1962, "update_timestamp": 1719633454760, "creation_timestamp": 1719632497272, "creators": ["Sox", "BernanaBread"], "tags": ["ok"], "statistics": {"total_played": 6100, "difficulty": 0, "difficulty_string": "impossible", "liked": 0, "time": 100}, "images": {"thumb": {"key": "level_2b8xxpb13ie10xo6oufdc_1717813550_1_thumb.png"}}, "iteration": 2, "change": 0}, {"identifier": "2blgd8unf5ztm9e6b6e8m:1720375358", "title": "Fear", "complexity": 2035, "update_timestamp": 1722380980779, "creation_timestamp": 1722380980779, "creators": ["Hargrave"], "tags": ["ok"], "statistics": {"total_played": 4600, "difficulty": 0, "difficulty_string": "impossible", "liked": 0, "time": 100}, "images": {"thumb": {"key": "level_2blgd8unf5ztm9e6b6e8m_1720375358_9_thumb.png"}}, "change": 0}, {"identifier": "29sgp24f1uorbc6vq8d2k:1722091030", "title": "SKILLS ONLY 7 SUPERBUFFED", "complexity": 2826, "update_timestamp": 1723147870817, "creation_timestamp": 1723147870817, "creators": [".index", " BLUDUK"], "tags": ["ok"], "statistics": {"total_played": 7400, "difficulty": 0, "difficulty_string": "impossible", "liked": 0, "time": 100}, "images": {"thumb": {"key": "level_29sgp24f1uorbc6vq8d2k_1722091030_1_thumb.png"}}, "change": 100}, {"identifier": "29wvwcyosrr43a72at6m5:1718827523", "title": "The 5 Levels of Torture", "complexity": 838, "update_timestamp": 1723077001570, "creation_timestamp": 1723077001570, "creators": ["Poggggg"], "tags": ["ok"], "statistics": {"total_played": 13000, "difficulty": 0, "difficulty_string": "impossible", "liked": 0, "time": 100}, "images": {"thumb": {"key": "level_29wvwcyosrr43a72at6m5_1718827523_1_thumb.png"}}, "change": 100}, {"identifier": "2czbtyaqtbjo89sut7jqd:1722927329", "title": "Holy Flop! Gotta Get to the Top!", "complexity": 2996, "update_timestamp": 1723912379600, "creation_timestamp": 1723912379600, "creators": ["Thezra"], "tags": ["ok"], "statistics": {"total_played": 5100, "difficulty": 0, "difficulty_string": "impossible", "liked": 0, "time": 100}, "images": {"thumb": {"key": "level_2czbtyaqtbjo89sut7jqd_1722927329_1_thumb.png"}}, "change": 100}, {"identifier": "2b73bdanhzp2gmr41m283:1716502240", "title": "FEARLESS", "complexity": 2072, "update_timestamp": 1724113556419, "creation_timestamp": 1724113556419, "creators": ["TronisRobot"], "tags": ["ok"], "statistics": {"total_played": 5500, "difficulty": 0, "difficulty_string": "impossible", "liked": 0, "time": 100}, "images": {"thumb": {"key": "level_2b73bdanhzp2gmr41m283_1716502240_1_thumb.png"}}, "change": 0}, {"identifier": "2bvnv7xzn3xc4tm60ffp3:1724532563", "title": "Pole of Supremacy", "complexity": 2000, "update_timestamp": 1724625530158, "creation_timestamp": 1724625530158, "creators": ["Swiiss", "and more..."], "tags": ["ok"], "statistics": {"total_played": 2800, "difficulty": 0, "difficulty_string": "impossible", "liked": 0, "time": 100}, "images": {"thumb": {"key": "level_2bvnv7xzn3xc4tm60ffp3_1724532563_1_thumb.png"}}, "change": 0}, {"identifier": "29lmdv56fjch18bes1u2j:1717629421", "title": "Sanguine Sanctum", "complexity": 3000, "update_timestamp": 1725256581656, "creation_timestamp": 1725256581656, "creators": ["Caziggy", "Helped by Esbe_76 and Diggy"], "tags": ["ok"], "statistics": {"total_played": 4900, "difficulty": 0, "difficulty_string": "impossible", "liked": 0, "time": 100}, "images": {"thumb": {"key": "level_29lmdv56fjch18bes1u2j_1717629421_1_thumb.png"}}, "change": 200}, {"identifier": "2d1up5vq5lzd5jvzcwu2w:1723903583", "title": "Zipline 3 To The Moon (3 player obby) 1200M", "complexity": 2992, "update_timestamp": 1725242774683, "creation_timestamp": 1725242774683, "creators": ["HTahz"], "tags": ["ok"], "statistics": {"total_played": 2500, "difficulty": 0, "difficulty_string": "impossible", "liked": 0, "time": 100}, "images": {"thumb": {"key": "level_2d1up5vq5lzd5jvzcwu2w_1723903583_1_thumb.png"}}, "change": 100}, {"identifier": "2cse0rwhzexnleljzk7g3:1726017872", "title": "Pure Torture", "complexity": 1392, "update_timestamp": 1726113247003, "creation_timestamp": 1726113247003, "creators": ["JiggleTets"], "tags": ["ok"], "statistics": {"total_played": 700, "difficulty": 0, "difficulty_string": "impossible", "liked": 0, "time": 100}, "images": {"thumb": {"key": "level_2cse0rwhzexnleljzk7g3_1726017872_1_thumb.png"}}, "change": 675}]