{
    "levelNodeStatic": {
        "shape": 1000,
        "material": 0,
        "position": {
            "x": 0,
            "y": 0,
            "z": 0
        },
        "scale": {
            "x": 1,
            "y": 1,
            "z": 1
        },
        "rotation": {
            "w": 1,
            "x": 0,
            "y": 0,
            "z": 0
        }
    },
    "animations": [
        {
            "frames": [
                {
                    "time": 0.0,
                    "position": {
                        "x": 0,
                        "y": 0,
                        "z": 0
                    },
                    "rotation": {
                        "w": 1.0,
                        "x": 0.0,
                        "y": 0.0,
                        "z": 0.0
                    }
                }
            ],
            "name": "idle",
            "speed": 1
        }
    ]
}