{
    "levelNodeStatic": {
        "shape": 1000,
        "material": 8,
        "position": {
            "x": 0,
            "y": 0,
            "z": 0
        },
        "scale": {
            "x": 1,
            "y": 1,
            "z": 1
        },
        "rotation": {
            "w": 1,
            "x": 0,
            "y": 0,
            "z": 0
        },
        "color1": {
            "r": 1,
            "g": 1,
            "b": 1,
            "a": 1
        },
        "color2": {
            "r": 1,
            "g": 1,
            "b": 1,
            "a": 1
        },
        "isNeon": false,
        "isTransparent": false
    }
}