{
    "formatVersion": 9,
    "title": "New Level",
    "creators": ".index-editor",
    "description": ".index modding - grab-tools.live",
    "tags": [],
    "maxCheckpointCount": 10,
    "ambienceSettings": {
        "skyZenithColor": {
            "r": 0.28,
            "g": 0.476,
            "b": 0.73,
            "a": 1
        },
        "skyHorizonColor": {
            "r": 0.916,
            "g": 0.9574,
            "b": 0.9574,
            "a": 1
        },
        "sunAltitude": 45,
        "sunAzimuth": 315,
        "sunSize": 1,
        "fogDensity": 0
    },
    "levelNodes": []
}