{
    "levelNodeGroup": {
        "position": {
            "y": 0,
            "x": 0,
            "z": 0
        },
        "rotation": {
            "w": 1
        },
        "childNodes": [
            {
                "levelNodeGroup": {
                    "position": {
                        "x": -4,
                        "y": 2
                    },
                    "scale": {
                        "x": 1,
                        "y": 1,
                        "z": 1
                    },
                    "rotation": {
                        "w": 1
                    },
                    "childNodes": [
                        {
                            "levelNodeStart": {
                                "position": {
                                    "x": 1,
                                    "y": 1,
                                    "z": 1
                                },
                                "rotation": {
                                    "w": 1
                                },
                                "radius": 1
                            }
                        }
                    ]
                }
            },
            {
                "levelNodeGroup": {
                    "position": {
                        "x": -8,
                        "y": 2
                    },
                    "scale": {
                        "x": 1,
                        "y": 1,
                        "z": 1
                    },
                    "rotation": {
                        "w": 1
                    },
                    "childNodes": [
                        {
                            "levelNodeFinish": {
                                "position": {
                                    "x": 1,
                                    "y": 1,
                                    "z": 1
                                },
                                "radius": 1
                            }
                        }
                    ]
                }
            },
            {
                "levelNodeGroup": {
                    "position": {
                        "x": -14,
                        "y": -98
                    },
                    "scale": {
                        "x": 1,
                        "y": 100,
                        "z": 1
                    },
                    "rotation": {
                        "w": 1
                    },
                    "childNodes": [
                        {
                            "levelNodeStart": {
                                "position": {
                                    "x": 1,
                                    "y": 1,
                                    "z": 1
                                },
                                "rotation": {
                                    "w": 1
                                },
                                "radius": 1
                            }
                        }
                    ]
                }
            },
            {
                "levelNodeGroup": {
                    "position": {
                        "x": -18,
                        "y": -98
                    },
                    "scale": {
                        "x": 1,
                        "y": 100,
                        "z": 1
                    },
                    "rotation": {
                        "w": 1
                    },
                    "childNodes": [
                        {
                            "levelNodeFinish": {
                                "position": {
                                    "x": 1,
                                    "y": 1,
                                    "z": 1
                                },
                                "radius": 1
                            }
                        }
                    ]
                }
            },
            {
                "levelNodeGroup": {
                    "position": {
                        "x": -6,
                        "y": 2,
                        "z": -10
                    },
                    "scale": {
                        "x": 10,
                        "y": 1,
                        "z": 1
                    },
                    "rotation": {
                        "w": 1
                    },
                    "childNodes": [
                        {
                            "levelNodeStart": {
                                "position": {
                                    "x": 1,
                                    "y": 1,
                                    "z": 1
                                },
                                "rotation": {
                                    "w": 1
                                },
                                "radius": 1
                            }
                        }
                    ]
                }
            },
            {
                "levelNodeGroup": {
                    "position": {
                        "x": -6,
                        "y": 2,
                        "z": -6
                    },
                    "scale": {
                        "x": 10,
                        "y": 1,
                        "z": 1
                    },
                    "rotation": {
                        "w": 1
                    },
                    "childNodes": [
                        {
                            "levelNodeFinish": {
                                "position": {
                                    "x": 1,
                                    "y": 1,
                                    "z": 1
                                },
                                "radius": 1
                            }
                        }
                    ]
                }
            }
        ],
        "scale": {
            "y": 1,
            "x": 1,
            "z": 1
        }
    }
}