{
    "levelNodeGroup": {
        "position": {
            "y": 0,
            "x": 0,
            "z": 0
        },
        "rotation": {
            "w": 1
        },
        "childNodes": [
            {
                "levelNodeGroup": {
                    "position": {
                        "y": 0,
                        "x": 0,
                        "z": 0
                    },
                    "rotation": {
                        "w": 1
                    },
                    "childNodes": [
                        {
                            "levelNodeGroup": {
                                "position": {
                                    "y": 0,
                                    "x": 0,
                                    "z": 0
                                },
                                "rotation": {
                                    "w": 1
                                },
                                "childNodes": [
                                    {
                                        "levelNodeStatic": {
                                            "shape": 1000,
                                            "material": 0,
                                            "position": {
                                                "x": 0,
                                                "y": 0,
                                                "z": 0
                                            },
                                            "scale": {
                                                "x": 2,
                                                "y": 1,
                                                "z": 1
                                            },
                                            "rotation": {
                                                "w": 0.924,
                                                "x": 0,
                                                "y": 0.383,
                                                "z": 0
                                            }
                                        }
                                    }
                                ],
                                "scale": {
                                    "y": 1,
                                    "x": 1,
                                    "z": 4
                                }
                            }
                        }
                    ],
                    "scale": {
                        "y": 1,
                        "x": 1,
                        "z": 0.5
                    }
                }
            },
            {
                "levelNodeGroup": {
                    "position": {
                        "y": 0,
                        "x": 0,
                        "z": 0
                    },
                    "rotation": {
                        "w": 1
                    },
                    "childNodes": [
                        {
                            "levelNodeGroup": {
                                "position": {
                                    "y": 0,
                                    "x": 0,
                                    "z": 0
                                },
                                "rotation": {
                                    "w": 1
                                },
                                "childNodes": [
                                    {
                                        "levelNodeCrumbling": {
                                            "shape": 1000,
                                            "material": 7,
                                            "position": {
                                                "x": 2,
                                                "y": 0,
                                                "z": 0
                                            },
                                            "scale": {
                                                "x": 2,
                                                "y": 1,
                                                "z": 1
                                            },
                                            "rotation": {
                                                "w": 0.924,
                                                "x": 0,
                                                "y": 0.383,
                                                "z": 0
                                            },
                                            "stableTime": 0.5,
                                            "respawnTime": 0.5
                                        }
                                    }
                                ],
                                "scale": {
                                    "y": 1,
                                    "x": 1,
                                    "z": 4
                                }
                            }
                        }
                    ],
                    "scale": {
                        "y": 1,
                        "x": 1,
                        "z": 0.5
                    }
                }
            },
            {
                "levelNodeGroup": {
                    "position": {
                        "y": 0,
                        "x": 0,
                        "z": 0
                    },
                    "rotation": {
                        "w": 1
                    },
                    "childNodes": [
                        {
                            "levelNodeGroup": {
                                "position": {
                                    "y": 0,
                                    "x": 0,
                                    "z": 0
                                },
                                "rotation": {
                                    "w": 1
                                },
                                "childNodes": [
                                    {
                                        "levelNodeStatic": {
                                            "shape": 1000,
                                            "material": 9,
                                            "position": {
                                                "x": 4,
                                                "y": 0,
                                                "z": 0
                                            },
                                            "scale": {
                                                "x": 2,
                                                "y": 1,
                                                "z": 1
                                            },
                                            "rotation": {
                                                "w": 0.924,
                                                "x": 0,
                                                "y": 0.383,
                                                "z": 0
                                            }
                                        }
                                    }
                                ],
                                "scale": {
                                    "y": 1,
                                    "x": 1,
                                    "z": 4
                                }
                            }
                        }
                    ],
                    "scale": {
                        "y": 1,
                        "x": 1,
                        "z": 0.5
                    }
                }
            },
            {
                "levelNodeGroup": {
                    "position": {
                        "y": 0,
                        "x": 0,
                        "z": 0
                    },
                    "rotation": {
                        "w": 1
                    },
                    "childNodes": [
                        {
                            "levelNodeGroup": {
                                "position": {
                                    "y": 0,
                                    "x": 0,
                                    "z": 0
                                },
                                "rotation": {
                                    "w": 1
                                },
                                "childNodes": [
                                    {
                                        "levelNodeStatic": {
                                            "shape": 1000,
                                            "material": 8,
                                            "position": {
                                                "x": 6,
                                                "y": 0,
                                                "z": 0
                                            },
                                            "scale": {
                                                "x": 2,
                                                "y": 1,
                                                "z": 1
                                            },
                                            "rotation": {
                                                "w": 0.924,
                                                "x": 0,
                                                "y": 0.383,
                                                "z": 0
                                            },
                                            "color1": {
                                                "r": 0,
                                                "g": 1,
                                                "b": 1,
                                                "a": 1
                                            }
                                        }
                                    }
                                ],
                                "scale": {
                                    "y": 1,
                                    "x": 1,
                                    "z": 4
                                }
                            }
                        }
                    ],
                    "scale": {
                        "y": 1,
                        "x": 1,
                        "z": 0.5
                    }
                }
            },
            {
                "levelNodeGroup": {
                    "position": {
                        "y": 0,
                        "x": 0,
                        "z": 0
                    },
                    "rotation": {
                        "w": 1
                    },
                    "childNodes": [
                        {
                            "levelNodeGroup": {
                                "position": {
                                    "y": 0,
                                    "x": 0,
                                    "z": 0
                                },
                                "rotation": {
                                    "w": 1
                                },
                                "childNodes": [
                                    {
                                        "levelNodeStatic": {
                                            "shape": 1000,
                                            "material": 6,
                                            "position": {
                                                "x": 8,
                                                "y": 0,
                                                "z": 0
                                            },
                                            "scale": {
                                                "x": 2,
                                                "y": 1,
                                                "z": 1
                                            },
                                            "rotation": {
                                                "w": 0.924,
                                                "x": 0,
                                                "y": 0.383,
                                                "z": 0
                                            }
                                        }
                                    }
                                ],
                                "scale": {
                                    "y": 1,
                                    "x": 1,
                                    "z": 4
                                }
                            }
                        }
                    ],
                    "scale": {
                        "y": 1,
                        "x": 1,
                        "z": 0.5
                    }
                }
            },
            {
                "levelNodeGroup": {
                    "position": {
                        "y": 0,
                        "x": 0,
                        "z": 0
                    },
                    "rotation": {
                        "w": 1
                    },
                    "childNodes": [
                        {
                            "levelNodeGroup": {
                                "position": {
                                    "y": 0,
                                    "x": 0,
                                    "z": 0
                                },
                                "rotation": {
                                    "w": 1
                                },
                                "childNodes": [
                                    {
                                        "levelNodeStatic": {
                                            "shape": 1000,
                                            "material": 5,
                                            "position": {
                                                "x": 10,
                                                "y": 0,
                                                "z": 0
                                            },
                                            "scale": {
                                                "x": 2,
                                                "y": 1,
                                                "z": 1
                                            },
                                            "rotation": {
                                                "w": 0.924,
                                                "x": 0,
                                                "y": 0.383,
                                                "z": 0
                                            }
                                        }
                                    }
                                ],
                                "scale": {
                                    "y": 1,
                                    "x": 1,
                                    "z": 4
                                }
                            }
                        }
                    ],
                    "scale": {
                        "y": 1,
                        "x": 1,
                        "z": 0.5
                    }
                }
            },
            {
                "levelNodeGroup": {
                    "position": {
                        "y": 0,
                        "x": 0,
                        "z": 0
                    },
                    "rotation": {
                        "w": 1
                    },
                    "childNodes": [
                        {
                            "levelNodeGroup": {
                                "position": {
                                    "y": 0,
                                    "x": 0,
                                    "z": 0
                                },
                                "rotation": {
                                    "w": 1
                                },
                                "childNodes": [
                                    {
                                        "levelNodeStatic": {
                                            "shape": 1000,
                                            "material": 4,
                                            "position": {
                                                "x": 12,
                                                "y": 0,
                                                "z": 0
                                            },
                                            "scale": {
                                                "x": 2,
                                                "y": 1,
                                                "z": 1
                                            },
                                            "rotation": {
                                                "w": 0.924,
                                                "x": 0,
                                                "y": 0.383,
                                                "z": 0
                                            }
                                        }
                                    }
                                ],
                                "scale": {
                                    "y": 1,
                                    "x": 1,
                                    "z": 4
                                }
                            }
                        }
                    ],
                    "scale": {
                        "y": 1,
                        "x": 1,
                        "z": 0.5
                    }
                }
            },
            {
                "levelNodeGroup": {
                    "position": {
                        "y": 0,
                        "x": 0,
                        "z": 0
                    },
                    "rotation": {
                        "w": 1
                    },
                    "childNodes": [
                        {
                            "levelNodeGroup": {
                                "position": {
                                    "y": 0,
                                    "x": 0,
                                    "z": 0
                                },
                                "rotation": {
                                    "w": 1
                                },
                                "childNodes": [
                                    {
                                        "levelNodeStatic": {
                                            "shape": 1000,
                                            "material": 3,
                                            "position": {
                                                "x": 14,
                                                "y": 0,
                                                "z": 0
                                            },
                                            "scale": {
                                                "x": 2,
                                                "y": 1,
                                                "z": 1
                                            },
                                            "rotation": {
                                                "w": 0.924,
                                                "x": 0,
                                                "y": 0.383,
                                                "z": 0
                                            }
                                        }
                                    }
                                ],
                                "scale": {
                                    "y": 1,
                                    "x": 1,
                                    "z": 4
                                }
                            }
                        }
                    ],
                    "scale": {
                        "y": 1,
                        "x": 1,
                        "z": 0.5
                    }
                }
            },
            {
                "levelNodeGroup": {
                    "position": {
                        "y": 0,
                        "x": 0,
                        "z": 0
                    },
                    "rotation": {
                        "w": 1
                    },
                    "childNodes": [
                        {
                            "levelNodeGroup": {
                                "position": {
                                    "y": 0,
                                    "x": 0,
                                    "z": 0
                                },
                                "rotation": {
                                    "w": 1
                                },
                                "childNodes": [
                                    {
                                        "levelNodeStatic": {
                                            "shape": 1000,
                                            "material": 2,
                                            "position": {
                                                "x": 16,
                                                "y": 0,
                                                "z": 0
                                            },
                                            "scale": {
                                                "x": 2,
                                                "y": 1,
                                                "z": 1
                                            },
                                            "rotation": {
                                                "w": 0.924,
                                                "x": 0,
                                                "y": 0.383,
                                                "z": 0
                                            }
                                        }
                                    }
                                ],
                                "scale": {
                                    "y": 1,
                                    "x": 1,
                                    "z": 4
                                }
                            }
                        }
                    ],
                    "scale": {
                        "y": 1,
                        "x": 1,
                        "z": 0.5
                    }
                }
            },
            {
                "levelNodeGroup": {
                    "position": {
                        "y": 0,
                        "x": 0,
                        "z": 0
                    },
                    "rotation": {
                        "w": 1
                    },
                    "childNodes": [
                        {
                            "levelNodeGroup": {
                                "position": {
                                    "y": 0,
                                    "x": 0,
                                    "z": 0
                                },
                                "rotation": {
                                    "w": 1
                                },
                                "childNodes": [
                                    {
                                        "levelNodeStatic": {
                                            "shape": 1000,
                                            "material": 1,
                                            "position": {
                                                "x": 18,
                                                "y": 0,
                                                "z": 0
                                            },
                                            "scale": {
                                                "x": 2,
                                                "y": 1,
                                                "z": 1
                                            },
                                            "rotation": {
                                                "w": 0.924,
                                                "x": 0,
                                                "y": 0.383,
                                                "z": 0
                                            }
                                        }
                                    }
                                ],
                                "scale": {
                                    "y": 1,
                                    "x": 1,
                                    "z": 4
                                }
                            }
                        }
                    ],
                    "scale": {
                        "y": 1,
                        "x": 1,
                        "z": 0.5
                    }
                }
            }
        ],
        "scale": {
            "y": 1,
            "x": 1,
            "z": 1
        }
    }
}