{"templates": [
    {
        "name": "Animation Cheat Sheet",
        "link": "level_data/animations.level",
        "type": "file"
    },
    {
        "name": "animation test file",
        "link": "level_data/animtesting.level",
        "type": "file"
    },
    {
        "name": "New Editor",
        "link": "level_data/new.level",
        "type": "file"
    },
    {
        "name": "Best modded colors",
        "link": "29sgp24f1uorbc6vq8d2k:1665319805",
        "type": "identifier"
    },
    {
        "name": "The Mountain",
        "link": "29r46v7djliny6t4rzvq7:1654257963",
        "type": "identifier"
    },
    {
        "name": "Tutorial",
        "link": "29t798uon2urbra1f8w2q:1693775768",
        "type": "identifier"
    },
    {
        "name": "Lobby fantasy 2024",
        "link": "level_data/lobbies/lobby-fantasy-2024.level",
        "type": "file"
    },
    {
        "name": "Lobby pirate 2024",
        "link": "level_data/lobbies/lobby-pirate-2024.level",
        "type": "file"
    },
    {
        "name": "Lobby deepsea 2024",
        "link": "level_data/lobbies/lobby-deepsea-2024.level",
        "type": "file"
    },
    {
        "name": "Lobby adventure 2024",
        "link": "level_data/lobbies/lobby-adventure-2024.level",
        "type": "file"
    },
    {
        "name": "Lobby abstract 2024",
        "link": "level_data/lobbies/lobby-abstract-2024.level",
        "type": "file"
    },
    {
        "name": "Lobby amusement park 2024",
        "link": "level_data/lobbies/lobby-amusement-park-2024.level",
        "type": "file"
    },
    {
        "name": "Lobby wild west 2024",
        "link": "level_data/lobbies/lobby-wild-west-2024.level",
        "type": "file"
    },
    {
        "name": "Lobby steampunk (animated) 2024",
        "link": "level_data/lobbies/lobby-steampunk-animated-2024.level",
        "type": "file"
    },
    {
        "name": "Lobby steampunk 2024",
        "link": "level_data/lobbies/lobby-steampunk-2024.level",
        "type": "file"
    },
    {
        "name": "Lobby space 2024",
        "link": "level_data/lobbies/lobby-space-2024.level",
        "type": "file"
    },
    {
        "name": "Lobby new year 2024",
        "link": "level_data/lobbies/lobby-new-year-2024.level",
        "type": "file"
    },
    {
        "name": "Lobby christmas (animated) 2023",
        "link": "level_data/lobbies/lobby-christmas-animated-2023.level",
        "type": "file"
    },
    {
        "name": "Lobby christmas 2023",
        "link": "level_data/lobbies/lobby-christmas-2023.level",
        "type": "file"
    },
    {
        "name": "Lobby best of grab 2023",
        "link": "level_data/lobbies/lobby-best-of-grab-2023.level",
        "type": "file"
    },
    {
        "name": "Lobby halloween (animated) 2023",
        "link": "level_data/lobbies/lobby-halloween-animated-2023.level",
        "type": "file"
    },
    {
        "name": "Lobby halloween 2023",
        "link": "level_data/lobbies/lobby-halloween-2023.level",
        "type": "file"
    },
    {
        "name": "Lobby castle (animated) 2023",
        "link": "level_data/lobbies/lobby-castle-animated-2023.level",
        "type": "file"
    },
    {
        "name": "Lobby castle 2023",
        "link": "level_data/lobbies/lobby-castle-2023.level",
        "type": "file"
    },
    {
        "name": "Lobby summer (animated) 2023",
        "link": "level_data/lobbies/lobby-summer-animated-2023.level",
        "type": "file"
    },
    {
        "name": "Lobby summer 2023",
        "link": "level_data/lobbies/lobby-summer-2023.level",
        "type": "file"
    },
    {
        "name": "Lobby floating islands 2023",
        "link": "level_data/lobbies/lobby-floating-islands-2023.level",
        "type": "file"
    },
    {
        "name": "Lobby space 2023",
        "link": "level_data/lobbies/lobby-space-2023.level",
        "type": "file"
    },
    {
        "name": "Lobby easter (animated) 2023",
        "link": "level_data/lobbies/lobby-easter-animated-2023.level",
        "type": "file"
    },
    {
        "name": "Lobby easter 2023",
        "link": "level_data/lobbies/lobby-easter-2023.level",
        "type": "file"
    },
    {
        "name": "Lobby forest (animated) 2023",
        "link": "level_data/lobbies/lobby-forest-animated-2023.level",
        "type": "file"
    },
    {
        "name": "Lobby winter 2023",
        "link": "level_data/lobbies/lobby-winter-2023.level",
        "type": "file"
    },
    {
        "name": "Lobby christmas (animated) 2022",
        "link": "level_data/lobbies/lobby-christmas-animated-2022.level",
        "type": "file"
    },
    {
        "name": "Lobby christmas 2022",
        "link": "level_data/lobbies/lobby-christmas-2022.level",
        "type": "file"
    },
    {
        "name": "Lobby restaurant 2022",
        "link": "level_data/lobbies/lobby-restaurant-2022.level",
        "type": "file"
    },
    {
        "name": "Lobby halloween 2022",
        "link": "level_data/lobbies/lobby-halloween-2022.level",
        "type": "file"
    },
    {
        "name": "Lobby dojo 2022",
        "link": "level_data/lobbies/lobby-dojo-2022.level",
        "type": "file"
    },
    {
        "name": "Lobby beach 2022",
        "link": "level_data/lobbies/lobby-beach-2022.level",
        "type": "file"
    },
    {
        "name": "Lobby temple 2022",
        "link": "level_data/lobbies/lobby-temple-2022.level",
        "type": "file"
    },
    {
        "name": "Lobby cave 2022",
        "link": "level_data/lobbies/lobby-cave-2022.level",
        "type": "file"
    },
    {
        "name": "Lobby treehouse 2022",
        "link": "level_data/lobbies/lobby-treehouse-2022.level",
        "type": "file"
    },
    {
        "name": "Lobby christmas 2021",
        "link": "level_data/lobbies/lobby-christmas-2021.level",
        "type": "file"
    },
    {
        "name": "Lobby original 2021",
        "link": "level_data/lobbies/lobby-original-2021.level",
        "type": "file"
    },
    {
        "name": "Tutorial 1",
        "link": "level_data/official/1-tutorial-1.level",
        "type": "file"
    },
    {
        "name": "Tutorial 2",
        "link": "level_data/official/2-tutorial-2.level",
        "type": "file"
    },
    {
        "name": "Tutorial 3",
        "link": "level_data/official/3-tutorial-3.level",
        "type": "file"
    },
    {
        "name": "Tutorial 4",
        "link": "level_data/official/4-tutorial-4.level",
        "type": "file"
    },
    {
        "name": "Tutorial 5",
        "link": "level_data/official/5-tutorial-5.level",
        "type": "file"
    },
    {
        "name": "Tutorial 6",
        "link": "level_data/official/6-tutorial-6.level",
        "type": "file"
    },
    {
        "name": "Tutorial 7",
        "link": "level_data/official/7-tutorial-7.level",
        "type": "file"
    },
    {
        "name": "Easy 1",
        "link": "level_data/official/10-easy-1.level",
        "type": "file"
    },
    {
        "name": "Easy 2",
        "link": "level_data/official/11-easy-2.level",
        "type": "file"
    },
    {
        "name": "Easy 3",
        "link": "level_data/official/12-easy-3.level",
        "type": "file"
    },
    {
        "name": "Easy 4",
        "link": "level_data/official/13-easy-4.level",
        "type": "file"
    },
    {
        "name": "Easy 5",
        "link": "level_data/official/14-easy-5.level",
        "type": "file"
    },
    {
        "name": "Easy 6",
        "link": "level_data/official/15-easy-6.level",
        "type": "file"
    },
    {
        "name": "Easy tower",
        "link": "level_data/official/20-easy-tower.level",
        "type": "file"
    },
    {
        "name": "Death Tower",
        "link": "level_data/official/30-death-tower.level",
        "type": "file"
    },
    {
        "name": "BFL",
        "link": "level_data/official/40-BFL-1.level",
        "type": "file"
    },
    {
        "name": "Rick Roll",
        "link": "29sgp24f1uorbc6vq8d2k:1696497039",
        "type": "identifier"
    },
    {
        "name": "BAD APPLE!!",
        "link": "29sgp24f1uorbc6vq8d2k:1696497038",
        "type": "identifier"
    },
    {
        "name": "FROSTYs climbing adventure",
        "link": "29ffxg2ijqxyrgxyy2vjj:1642284195",
        "type": "identifier"
    },
    {
        "name": "fire",
        "link": "2a4lsr3j8bypkewcx9s90:fire",
        "type": "identifier"
    },
    {
        "name": "WOODEN",
        "link": "29sgp24f1uorbc6vq8d2k:1693731780",
        "type": "identifier"
    },
    {
        "name": "Blood in the ice",
        "link": "2a4lsr3j8bypkewcx9s90:1691122081",
        "type": "identifier"
    },
    {
        "name": "DON'T SLIP!",
        "link": "29sgp24f1uorbc6vq8d2k:1693033756",
        "type": "identifier"
    },
    {
        "name": "COW!",
        "link": "29sgp24f1uorbc6vq8d2k:1685501444",
        "type": "identifier"
    },
    {
        "name": "VERY FUN LEVEL",
        "link": "2a4lsr3j8bypkewcx9s90:1684323969",
        "type": "identifier"
    }
],
"inserts": {
    "nodeStatic": {
        "levelNodeStatic": {
            "shape": 1000,
            "material": 0,
            "position": {
                "x": 0,
                "y": 0,
                "z": 0
            },
            "scale": {
                "x": 1,
                "y": 1,
                "z": 1
            },
            "rotation": {
                "w": 1,
                "x": 0,
                "y": 0,
                "z": 0
            }
        }
    },
    "nodeAnimated": {
        "levelNodeStatic": {
            "shape": 1000,
            "material": 0,
            "position": {
                "x": 0,
                "y": 0,
                "z": 0
            },
            "scale": {
                "x": 1,
                "y": 1,
                "z": 1
            },
            "rotation": {
                "w": 1,
                "x": 0,
                "y": 0,
                "z": 0
            }
        },
        "animations": [
            {
                "frames": [
                    {
                        "position": {
                            "x": 0,
                            "y": 0,
                            "z": 0
                        },
                        "rotation": {
                            "w": 1.0,
                            "x": 0.0,
                            "y": 0.0,
                            "z": 0.0
                        }
                    }
                ],
                "name": "idle",
                "speed": 1
            }
        ]
    },
    "nodeColored": {
        "levelNodeStatic": {
            "shape": 1000,
            "material": 8,
            "position": {
                "x": 0,
                "y": 0,
                "z": 0
            },
            "scale": {
                "x": 1,
                "y": 1,
                "z": 1
            },
            "rotation": {
                "w": 1,
                "x": 0,
                "y": 0,
                "z": 0
            },
            "color1": {
                "r": 1,
                "g": 1,
                "b": 1,
                "a": 1
            },
            "color2": {
                "r": 1,
                "g": 1,
                "b": 1,
                "a": 1
            },
            "isNeon": false,
            "isTransparent": false
        }
    },
    "nodeCrumbling": {
        "levelNodeCrumbling": {
            "shape": 1000,
            "material": 7,
            "position": {
                "x": 0,
                "y": 0,
                "z": 0
            },
            "scale": {
                "x": 1,
                "y": 1,
                "z": 1
            },
            "rotation": {
                "w": 1,
                "x": 0,
                "y": 0,
                "z": 0
            },
            "stableTime": 0.5,
            "respawnTime": 0.5
        }
    },
    "nodeSign": {
        "levelNodeSign": {
            "position": {
                "x": 0,
                "y": 0,
                "z": 0
            },
            "rotation": {
                "w": 1,
                "x": 0,
                "y": 0,
                "z": 0
            },
            "text": "Sample text"
        }
    },
    "nodeStart": {
        "levelNodeStart": {
            "position": {
                "x": 0,
                "y": 0,
                "z": 0
            },
            "rotation": {
                "w": 1,
                "x": 0,
                "y": 0,
                "z": 0
            },
            "radius": 1
        }
    },
    "nodeFinish": {
        "levelNodeFinish": {
            "position": {
                "x": 0,
                "y": 0,
                "z": 0
            },
            "radius": 1
        }
    },
    "nodeGravity": {
        "levelNodeGravity": {
            "mode": 0,
            "position": {
                "x": 0,
                "y": 0,
                "z": 0
            },
            "scale": {
                "x": 1,
                "y": 1,
                "z": 1
            },
            "rotation": {
                "x": 0,
                "y": 0,
                "z": 0,
                "w": 1
            },
            "direction": {
                "x": -10,
                "y": 0,
                "z": 0
            }
        }
    },
    "nodeColoredLava": {
        "levelNodeStatic": {
            "shape": 1000,
            "material": 3,
            "position": {
                "x": 0,
                "y": 0,
                "z": 0
            },
            "scale": {
                "x": 1,
                "y": 1,
                "z": 1
            },
            "rotation": {
                "w": 1,
                "x": 0,
                "y": 0,
                "z": 0
            },
            "color1": {
                "r": 1,
                "g": 1,
                "b": 1,
                "a": 1
            },
            "color2": {
                "r": 1,
                "g": 1,
                "b": 1,
                "a": 1
            }
        }
    },
    "NeonTransparentNode": {
        "levelNodeStatic": {
            "shape": 1000,
            "material": 8,
            "position": {
                "x": 0,
                "y": 0,
                "z": 0
            },
            "scale": {
                "x": 1,
                "y": 1,
                "z": 1
            },
            "rotation": {
                "w": 1,
                "x": 0,
                "y": 0,
                "z": 0
            },
            "color1": {
                "r": 1,
                "g": 1,
                "b": 1,
                "a": 1
            },
            "color2": {
                "r": 1,
                "g": 1,
                "b": 1,
                "a": 1
            },
            "isNeon": true,
            "isTransparent": true
        }
    },
    "InvertedNode": {
        "levelNodeStatic": {
            "shape": 1000,
            "material": 0,
            "position": {
                "x": 0,
                "y": 0,
                "z": 0
            },
            "scale": {
                "x": -1,
                "y": -1,
                "z": -1
            },
            "rotation": {
                "w": 1,
                "x": 0,
                "y": 0,
                "z": 0
            }
        }
    },
    "ScalableStartNode": {
        "levelNodeGroup": {
            "position": {
                "x": 0,
                "y": 0,
                "z": 0
            },
            "scale": {
                "x": 1,
                "y": 1,
                "z": 1
            },
            "rotation": {
                "w": 1
            },
            "childNodes": [
                {
                    "levelNodeStart": {
                        "position": {
                            "x": 0,
                            "y": 0,
                            "z": 0
                        },
                        "rotation": {
                            "w": 1
                        },
                        "radius": 1
                    }
                }
            ]
        }
    },
    "ScalableFinishNode": {
        "levelNodeGroup": {
            "position": {
                "x": 0,
                "y": 0,
                "z": 0
            },
            "scale": {
                "x": 1,
                "y": 1,
                "z": 1
            },
            "rotation": {
                "w": 1
            },
            "childNodes": [
                {
                    "levelNodeFinish": {
                        "position": {
                            "x": 0,
                            "y": 0,
                            "z": 0
                        },
                        "radius": 1
                    }
                }
            ]
        }
    },
    "ScalableSignNode": {
        "levelNodeGroup": {
            "position": {
                "x": 0,
                "y": 0,
                "z": 0
            },
            "scale": {
                "x": 1,
                "y": 1,
                "z": 1
            },
            "rotation": {
                "w": 1
            },
            "childNodes": [
                {
                    "levelNodeSign": {
                        "position": {
                            "x": 0,
                            "y": 0,
                            "z": 0
                        },
                        "rotation": {
                            "w": 1,
                            "x": 0,
                            "y": 0,
                            "z": 0
                        },
                        "text": "Sample text"
                    }
                }
            ]
        }
    },
    "Parallelogram": {
        "levelNodeGroup": {
            "position": {
                "y": 0,
                "x": 0,
                "z": 0
            },
            "rotation": {
                "w": 1
            },
            "childNodes": [
                {
                    "levelNodeGroup": {
                        "position": {
                            "y": 0,
                            "x": 0,
                            "z": 0
                        },
                        "rotation": {
                            "w": 1
                        },
                        "childNodes": [
                            {
                                "levelNodeStatic": {
                                    "shape": 1000,
                                    "material": 0,
                                    "position": {
                                        "x": 0,
                                        "y": 0,
                                        "z": 0
                                    },
                                    "scale": {
                                        "x": 2,
                                        "y": 1,
                                        "z": 1
                                    },
                                    "rotation": {
                                        "w": 0.924,
                                        "x": 0,
                                        "y": 0.383,
                                        "z": 0
                                    }
                                }
                            }
                        ],
                        "scale": {
                            "y": 1,
                            "x": 1,
                            "z": 4
                        }
                    }
                }
            ],
            "scale": {
                "y": 1,
                "x": 1,
                "z": 0.5
            }
        }
    },
    "HighGravity": {
        "levelNodeGroup": {
            "position": {
                "y": 0,
                "x": 0,
                "z": 0
            },
            "rotation": {
                "w": 1
            },
            "scale": {
                "y": 1,
                "x": 1,
                "z": 1
            },
            "childNodes": [
                {
                    "levelNodeGravity": {
                        "mode": 0,
                        "position": {
                            "x": 0,
                            "y": 0,
                            "z": 0
                        },
                        "scale": {
                            "x": 1,
                            "y": 1,
                            "z": 1
                        },
                        "rotation": {
                            "x": 0,
                            "y": 0,
                            "z": 0,
                            "w": 1
                        },
                        "direction": {
                            "x": -1000,
                            "y": 0,
                            "z": 0
                        }
                    }
                },
                {
                    "levelNodeGravity": {
                        "mode": 0,
                        "position": {
                            "x": 2,
                            "y": 0,
                            "z": 0
                        },
                        "scale": {
                            "x": 1,
                            "y": 1,
                            "z": 1
                        },
                        "rotation": {
                            "x": 0,
                            "y": 0,
                            "z": 0,
                            "w": 1
                        },
                        "direction": {
                            "x": -100000,
                            "y": 0,
                            "z": 0
                        }
                    }
                },
                {
                    "levelNodeGravity": {
                        "mode": 0,
                        "position": {
                            "x": 4,
                            "y": 0,
                            "z": 0
                        },
                        "scale": {
                            "x": 1,
                            "y": 1,
                            "z": 1
                        },
                        "rotation": {
                            "x": 0,
                            "y": 0,
                            "z": 0,
                            "w": 1
                        },
                        "direction": {
                            "x": -1000000,
                            "y": 0,
                            "z": 0
                        }
                    }
                }
            ]
        }
    },
    "BreakTimes": {
        "levelNodeGroup": {
            "position": {
                "y": 0,
                "x": 0,
                "z": 0
            },
            "rotation": {
                "w": 1
            },
            "childNodes": [
                {
                    "levelNodeCrumbling": {
                        "shape": 1000,
                        "material": 7,
                        "position": {
                            "x": -5,
                            "y": 5,
                            "z": -4
                        },
                        "scale": {
                            "x": 1,
                            "y": 1,
                            "z": 1
                        },
                        "rotation": {
                            "w": 1
                        },
                        "stableTime": 0.1,
                        "respawnTime": 8
                    }
                },
                {
                    "levelNodeCrumbling": {
                        "shape": 1000,
                        "material": 7,
                        "position": {
                            "x": -4,
                            "y": 5,
                            "z": -4
                        },
                        "scale": {
                            "x": 1,
                            "y": 1,
                            "z": 1
                        },
                        "rotation": {
                            "w": 1
                        },
                        "stableTime": 0.2,
                        "respawnTime": 8
                    }
                },
                {
                    "levelNodeCrumbling": {
                        "shape": 1000,
                        "material": 7,
                        "position": {
                            "x": -3,
                            "y": 5,
                            "z": -4
                        },
                        "scale": {
                            "x": 1,
                            "y": 1,
                            "z": 1
                        },
                        "rotation": {
                            "w": 1
                        },
                        "stableTime": 0.3,
                        "respawnTime": 8
                    }
                },
                {
                    "levelNodeCrumbling": {
                        "shape": 1001,
                        "material": 7,
                        "position": {
                            "x": -5,
                            "y": 5,
                            "z": -3
                        },
                        "scale": {
                            "x": 1,
                            "y": 1,
                            "z": 1
                        },
                        "rotation": {
                            "w": 1
                        },
                        "stableTime": 0.1,
                        "respawnTime": 8
                    }
                },
                {
                    "levelNodeCrumbling": {
                        "shape": 1001,
                        "material": 7,
                        "position": {
                            "x": -4,
                            "y": 5,
                            "z": -3
                        },
                        "scale": {
                            "x": 1,
                            "y": 1,
                            "z": 1
                        },
                        "rotation": {
                            "w": 1
                        },
                        "stableTime": 0.2,
                        "respawnTime": 8
                    }
                },
                {
                    "levelNodeCrumbling": {
                        "shape": 1001,
                        "material": 7,
                        "position": {
                            "x": -3,
                            "y": 5,
                            "z": -3
                        },
                        "scale": {
                            "x": 1,
                            "y": 1,
                            "z": 1
                        },
                        "rotation": {
                            "w": 1
                        },
                        "stableTime": 0.3,
                        "respawnTime": 8
                    }
                },
                {
                    "levelNodeCrumbling": {
                        "shape": 1002,
                        "material": 7,
                        "position": {
                            "x": -5,
                            "y": 5,
                            "z": -2
                        },
                        "scale": {
                            "x": 1,
                            "y": 1,
                            "z": 1
                        },
                        "rotation": {
                            "w": 1
                        },
                        "stableTime": 0.1,
                        "respawnTime": 8
                    }
                },
                {
                    "levelNodeCrumbling": {
                        "shape": 1002,
                        "material": 7,
                        "position": {
                            "x": -4,
                            "y": 5,
                            "z": -2
                        },
                        "scale": {
                            "x": 1,
                            "y": 1,
                            "z": 1
                        },
                        "rotation": {
                            "w": 1
                        },
                        "stableTime": 0.2,
                        "respawnTime": 8
                    }
                },
                {
                    "levelNodeCrumbling": {
                        "shape": 1002,
                        "material": 7,
                        "position": {
                            "x": -3,
                            "y": 5,
                            "z": -2
                        },
                        "scale": {
                            "x": 1,
                            "y": 1,
                            "z": 1
                        },
                        "rotation": {
                            "w": 1
                        },
                        "stableTime": 0.3,
                        "respawnTime": 8
                    }
                },
                {
                    "levelNodeCrumbling": {
                        "shape": 1003,
                        "material": 7,
                        "position": {
                            "x": -5,
                            "y": 5,
                            "z": -1
                        },
                        "scale": {
                            "x": 1,
                            "y": 1,
                            "z": 1
                        },
                        "rotation": {
                            "w": 1
                        },
                        "stableTime": 0.1,
                        "respawnTime": 8
                    }
                },
                {
                    "levelNodeCrumbling": {
                        "shape": 1003,
                        "material": 7,
                        "position": {
                            "x": -4,
                            "y": 5,
                            "z": -1
                        },
                        "scale": {
                            "x": 1,
                            "y": 1,
                            "z": 1
                        },
                        "rotation": {
                            "w": 1
                        },
                        "stableTime": 0.2,
                        "respawnTime": 8
                    }
                },
                {
                    "levelNodeCrumbling": {
                        "shape": 1003,
                        "material": 7,
                        "position": {
                            "x": -3,
                            "y": 5,
                            "z": -1
                        },
                        "scale": {
                            "x": 1,
                            "y": 1,
                            "z": 1
                        },
                        "rotation": {
                            "w": 1
                        },
                        "stableTime": 0.3,
                        "respawnTime": 8
                    }
                },
                {
                    "levelNodeCrumbling": {
                        "shape": 1004,
                        "material": 7,
                        "position": {
                            "x": -5,
                            "y": 5
                        },
                        "scale": {
                            "x": 1,
                            "y": 1,
                            "z": 1
                        },
                        "rotation": {
                            "w": 1
                        },
                        "stableTime": 0.1,
                        "respawnTime": 8
                    }
                },
                {
                    "levelNodeCrumbling": {
                        "shape": 1004,
                        "material": 7,
                        "position": {
                            "x": -4,
                            "y": 5
                        },
                        "scale": {
                            "x": 1,
                            "y": 1,
                            "z": 1
                        },
                        "rotation": {
                            "w": 1
                        },
                        "stableTime": 0.2,
                        "respawnTime": 8
                    }
                },
                {
                    "levelNodeCrumbling": {
                        "shape": 1004,
                        "material": 7,
                        "position": {
                            "x": -3,
                            "y": 5
                        },
                        "scale": {
                            "x": 1,
                            "y": 1,
                            "z": 1
                        },
                        "rotation": {
                            "w": 1
                        },
                        "stableTime": 0.3,
                        "respawnTime": 8
                    }
                },
                {
                    "levelNodeCrumbling": {
                        "shape": 1004,
                        "material": 7,
                        "position": {
                            "x": -2,
                            "y": 5
                        },
                        "scale": {
                            "x": 1,
                            "y": 1,
                            "z": 1
                        },
                        "rotation": {
                            "w": 1
                        },
                        "stableTime": 0.4,
                        "respawnTime": 8
                    }
                },
                {
                    "levelNodeCrumbling": {
                        "shape": 1003,
                        "material": 7,
                        "position": {
                            "x": -2,
                            "y": 5,
                            "z": -1
                        },
                        "scale": {
                            "x": 1,
                            "y": 1,
                            "z": 1
                        },
                        "rotation": {
                            "w": 1
                        },
                        "stableTime": 0.4,
                        "respawnTime": 8
                    }
                },
                {
                    "levelNodeCrumbling": {
                        "shape": 1002,
                        "material": 7,
                        "position": {
                            "x": -2,
                            "y": 5,
                            "z": -2
                        },
                        "scale": {
                            "x": 1,
                            "y": 1,
                            "z": 1
                        },
                        "rotation": {
                            "w": 1
                        },
                        "stableTime": 0.4,
                        "respawnTime": 8
                    }
                },
                {
                    "levelNodeCrumbling": {
                        "shape": 1001,
                        "material": 7,
                        "position": {
                            "x": -2,
                            "y": 5,
                            "z": -3
                        },
                        "scale": {
                            "x": 1,
                            "y": 1,
                            "z": 1
                        },
                        "rotation": {
                            "w": 1
                        },
                        "stableTime": 0.4,
                        "respawnTime": 8
                    }
                },
                {
                    "levelNodeCrumbling": {
                        "shape": 1000,
                        "material": 7,
                        "position": {
                            "x": -2,
                            "y": 5,
                            "z": -4
                        },
                        "scale": {
                            "x": 1,
                            "y": 1,
                            "z": 1
                        },
                        "rotation": {
                            "w": 1
                        },
                        "stableTime": 0.4,
                        "respawnTime": 8
                    }
                },
                {
                    "levelNodeCrumbling": {
                        "shape": 1000,
                        "material": 7,
                        "position": {
                            "x": -1,
                            "y": 5,
                            "z": -4
                        },
                        "scale": {
                            "x": 1,
                            "y": 1,
                            "z": 1
                        },
                        "rotation": {
                            "w": 1
                        },
                        "stableTime": 1000,
                        "respawnTime": 1000
                    }
                },
                {
                    "levelNodeCrumbling": {
                        "shape": 1001,
                        "material": 7,
                        "position": {
                            "x": -1,
                            "y": 5,
                            "z": -3
                        },
                        "scale": {
                            "x": 1,
                            "y": 1,
                            "z": 1
                        },
                        "rotation": {
                            "w": 1
                        },
                        "stableTime": 1000,
                        "respawnTime": 1000
                    }
                },
                {
                    "levelNodeCrumbling": {
                        "shape": 1002,
                        "material": 7,
                        "position": {
                            "x": -1,
                            "y": 5,
                            "z": -2
                        },
                        "scale": {
                            "x": 1,
                            "y": 1,
                            "z": 1
                        },
                        "rotation": {
                            "w": 1
                        },
                        "stableTime": 1000,
                        "respawnTime": 1000
                    }
                },
                {
                    "levelNodeCrumbling": {
                        "shape": 1003,
                        "material": 7,
                        "position": {
                            "x": -1,
                            "y": 5,
                            "z": -1
                        },
                        "scale": {
                            "x": 1,
                            "y": 1,
                            "z": 1
                        },
                        "rotation": {
                            "w": 1
                        },
                        "stableTime": 1000,
                        "respawnTime": 1000
                    }
                },
                {
                    "levelNodeCrumbling": {
                        "shape": 1004,
                        "material": 7,
                        "position": {
                            "x": -1,
                            "y": 5
                        },
                        "scale": {
                            "x": 1,
                            "y": 1,
                            "z": 1
                        },
                        "rotation": {
                            "w": 1
                        },
                        "stableTime": 1000,
                        "respawnTime": 1000
                    }
                },
                {
                    "levelNodeCrumbling": {
                        "shape": 1000,
                        "material": 7,
                        "position": {
                            "x": 0,
                            "y": 5,
                            "z": -4
                        },
                        "scale": {
                            "x": 1,
                            "y": 1,
                            "z": 1
                        },
                        "rotation": {
                            "w": 1
                        },
                        "stableTime": 100000,
                        "respawnTime": 100000
                    }
                },
                {
                    "levelNodeCrumbling": {
                        "shape": 1001,
                        "material": 7,
                        "position": {
                            "x": 0,
                            "y": 5,
                            "z": -3
                        },
                        "scale": {
                            "x": 1,
                            "y": 1,
                            "z": 1
                        },
                        "rotation": {
                            "w": 1
                        },
                        "stableTime": 100000,
                        "respawnTime": 100000
                    }
                },
                {
                    "levelNodeCrumbling": {
                        "shape": 1002,
                        "material": 7,
                        "position": {
                            "x": 0,
                            "y": 5,
                            "z": -2
                        },
                        "scale": {
                            "x": 1,
                            "y": 1,
                            "z": 1
                        },
                        "rotation": {
                            "w": 1
                        },
                        "stableTime": 100000,
                        "respawnTime": 100000
                    }
                },
                {
                    "levelNodeCrumbling": {
                        "shape": 1003,
                        "material": 7,
                        "position": {
                            "x": 0,
                            "y": 5,
                            "z": -1
                        },
                        "scale": {
                            "x": 1,
                            "y": 1,
                            "z": 1
                        },
                        "rotation": {
                            "w": 1
                        },
                        "stableTime": 100000,
                        "respawnTime": 100000
                    }
                },
                {
                    "levelNodeCrumbling": {
                        "shape": 1004,
                        "material": 7,
                        "position": {
                            "x": 0,
                            "y": 5
                        },
                        "scale": {
                            "x": 1,
                            "y": 1,
                            "z": 1
                        },
                        "rotation": {
                            "w": 1
                        },
                        "stableTime": 100000,
                        "respawnTime": 100000
                    }
                },
                {
                    "levelNodeCrumbling": {
                        "shape": 1000,
                        "material": 7,
                        "position": {
                            "x": 1,
                            "y": 5,
                            "z": -4
                        },
                        "scale": {
                            "x": 1,
                            "y": 1,
                            "z": 1
                        },
                        "rotation": {
                            "w": 1
                        },
                        "stableTime": 0.001,
                        "respawnTime": 0.001
                    }
                },
                {
                    "levelNodeCrumbling": {
                        "shape": 1001,
                        "material": 7,
                        "position": {
                            "x": 1,
                            "y": 5,
                            "z": -3
                        },
                        "scale": {
                            "x": 1,
                            "y": 1,
                            "z": 1
                        },
                        "rotation": {
                            "w": 1
                        },
                        "stableTime": 0.001,
                        "respawnTime": 0.001
                    }
                },
                {
                    "levelNodeCrumbling": {
                        "shape": 1002,
                        "material": 7,
                        "position": {
                            "x": 1,
                            "y": 5,
                            "z": -2
                        },
                        "scale": {
                            "x": 1,
                            "y": 1,
                            "z": 1
                        },
                        "rotation": {
                            "w": 1
                        },
                        "stableTime": 0.001,
                        "respawnTime": 0.001
                    }
                },
                {
                    "levelNodeCrumbling": {
                        "shape": 1003,
                        "material": 7,
                        "position": {
                            "x": 1,
                            "y": 5,
                            "z": -1
                        },
                        "scale": {
                            "x": 1,
                            "y": 1,
                            "z": 1
                        },
                        "rotation": {
                            "w": 1
                        },
                        "stableTime": 0.001,
                        "respawnTime": 0.001
                    }
                },
                {
                    "levelNodeCrumbling": {
                        "shape": 1004,
                        "material": 7,
                        "position": {
                            "x": 1,
                            "y": 5
                        },
                        "scale": {
                            "x": 1,
                            "y": 1,
                            "z": 1
                        },
                        "rotation": {
                            "w": 1
                        },
                        "stableTime": 0.001,
                        "respawnTime": 0.001
                    }
                }     
            ],
            "scale": {
                "y": 1,
                "x": 1,
                "z": 1
            }
        }
    }
},
"animations": {
    "angle_slide": {
        "name": "idle",
        "speed": 1,
        "frames": [
            {
                "time": 0.0,
                "position": {
                    "x": 0,
                    "y": 0,
                    "z": 0
                },
                "rotation": {
                    "w": 1.0,
                    "x": 0.0,
                    "y": 0.0,
                    "z": 0.0
                }
            },
            {
                "time": 1.0,
                "position": {
                    "x": 2,
                    "y": 0,
                    "z": 2
                },
                "rotation": {
                    "w": 1.0,
                    "x": 0.0,
                    "y": 0.0,
                    "z": 0.0
                }
            },
            {
                "time": 2.0,
                "position": {
                    "x": 0,
                    "y": 0,
                    "z": 0
                },
                "rotation": {
                    "w": 1.0,
                    "x": 0.0,
                    "y": 0.0,
                    "z": 0.0
                }
            }
        ]
    },
    "elevate": {
        "name": "idle",
        "speed": 2,
        "frames": [
            {
                "time": 0.0,
                "position": {
                    "x": 0,
                    "y": 0,
                    "z": 0
                },
                "rotation": {
                    "w": 1.0,
                    "x": 0.0,
                    "y": 0.0,
                    "z": 0.0
                }
            },
            {
                "time": 1.0,
                "position": {
                    "x": 0,
                    "y": 2,
                    "z": 0
                },
                "rotation": {
                    "w": 1.0,
                    "x": 0.0,
                    "y": 0.0,
                    "z": 0.0
                }
            },
            {
                "time": 2.0,
                "position": {
                    "x": 0,
                    "y": 2,
                    "z": 0
                },
                "rotation": {
                    "w": 1.0,
                    "x": 0.0,
                    "y": 0.0,
                    "z": 0.0
                }
            },
            {
                "time": 3.0,
                "position": {
                    "x": 0,
                    "y": 0,
                    "z": 0
                },
                "rotation": {
                    "w": 1.0,
                    "x": 0.0,
                    "y": 0.0,
                    "z": 0.0
                }
            },
            {
                "time": 4.0,
                "position": {
                    "x": 0,
                    "y": 0,
                    "z": 0
                },
                "rotation": {
                    "w": 1.0,
                    "x": 0.0,
                    "y": 0.0,
                    "z": 0.0
                }
            }
        ]
    },
    "flip": {
        "name": "idle",
        "frames": [
            {
                "position": {
                    "x": 0,
                    "y": 0,
                    "z": 0
                },
                "rotation": {
                    "w": 1,
                    "x": 0,
                    "y": 0,
                    "z": 0
                },
                "time": 0
            },
            {
                "time": 1.0,
                "position": {
                    "x": 0,
                    "y": 0,
                    "z": 0
                },
                "rotation": {
                    "y": -1,
                    "w": -8.940696716308594e-8,
                    "x": 0,
                    "z": 0
                }
            },
            {
                "time": 2.0,
                "position": {
                    "x": 0,
                    "y": 0,
                    "z": 0
                },
                "rotation": {
                    "y": -1,
                    "w": -8.940696716308594e-8,
                    "x": 0,
                    "z": 0
                }
            },
            {
                "time": 3.0,
                "position": {
                    "x": 0,
                    "y": 0,
                    "z": 0
                },
                "rotation": {
                    "y": 1.7881393432617188e-7,
                    "w": -1,
                    "x": 0,
                    "z": 0
                }
            },
            {
                "time": 4.0,
                "position": {
                    "x": 0,
                    "y": 0,
                    "z": 0
                },
                "rotation": {
                    "y": 1.7881393432617188e-7,
                    "w": -1,
                    "x": 0,
                    "z": 0
                }
            }
        ],
        "speed": 1
    },
    "roll": {
        "name": "idle",
        "frames": [
            {
                "position": {
                    "x": 0,
                    "y": 0,
                    "z": 0
                },
                "rotation": {
                    "w": 1,
                    "x": 0,
                    "y": 0,
                    "z": 0
                },
                "time": 0
            },
            {
                "time": 0.36000001430511475,
                "position": {
                    "x": 3,
                    "y": 0,
                    "z": 0
                },
                "rotation": {
                    "y": -1,
                    "w": -8.940696716308594e-8,
                    "x": 0,
                    "z": 0
                }
            }
        ],
        "speed": 0.4000000059604645
    },
    "screw": {
        "name": "idle",
        "frames": [
            {
                "position": {
                    "x": 0,
                    "y": 0,
                    "z": 0
                },
                "rotation": {
                    "w": 1,
                    "x": 0,
                    "y": 0,
                    "z": 0
                },
                "time": 0
            },
            {
                "time": 0.4000000059604645,
                "position": {
                    "y": 2,
                    "x": 0,
                    "z": 0
                },
                "rotation": {
                    "y": -1,
                    "w": -8.940696716308594e-8,
                    "x": 0,
                    "z": 0
                }
            },
            {
                "time": 0.7999998331069946,
                "position": {
                    "y": 3.9999990463256836,
                    "x": 0,
                    "z": 0
                },
                "rotation": {
                    "y": 1.7881393432617188e-7,
                    "w": -1,
                    "x": 0,
                    "z": 0
                }
            },
            {
                "time": 1.1999996900558472,
                "position": {
                    "y": 2,
                    "x": 0,
                    "z": 0
                },
                "rotation": {
                    "y": 1,
                    "w": 8.940696716308594e-8,
                    "x": 0,
                    "z": 0
                }
            },
            {
                "time": 1.5999996662139893,
                "position": {
                    "x": 0,
                    "y": 0,
                    "z": 0
                },
                "rotation": {
                    "w": 1,
                    "x": 0,
                    "y": 0,
                    "z": 0
                }
            }
        ],
        "speed": 1
    },
    "shake": {
        "name": "idle",
        "speed": 1,
        "frames": [
            {
                "time": 0.0,
                "position": {
                    "x": 0,
                    "y": 0,
                    "z": 0
                },
                "rotation": {
                    "w": 1.0,
                    "x": 0.0,
                    "y": 0.0,
                    "z": 0.0
                }
            },
            {
                "time": 0.1,
                "position": {
                    "x": 0.1,
                    "y": 0,
                    "z": 0
                },
                "rotation": {
                    "w": 1.0,
                    "x": 0.0,
                    "y": 0.0,
                    "z": 0.0
                }
            },
            {
                "time": 0.2,
                "position": {
                    "x": 0,
                    "y": 0,
                    "z": 0
                },
                "rotation": {
                    "w": 1.0,
                    "x": 0.0,
                    "y": 0.0,
                    "z": 0.0
                }
            }
        ]
    },
    "slide": {
        "name": "idle",
        "speed": 1,
        "frames": [
            {
                "time": 0.0,
                "position": {
                    "x": 0,
                    "y": 0,
                    "z": 0
                },
                "rotation": {
                    "w": 1.0,
                    "x": 0.0,
                    "y": 0.0,
                    "z": 0.0
                }
            },
            {
                "time": 1.0,
                "position": {
                    "x": 2,
                    "y": 0,
                    "z": 0
                },
                "rotation": {
                    "w": 1.0,
                    "x": 0.0,
                    "y": 0.0,
                    "z": 0.0
                }
            },
            {
                "time": 2.0,
                "position": {
                    "x": 0,
                    "y": 0,
                    "z": 0
                },
                "rotation": {
                    "w": 1.0,
                    "x": 0.0,
                    "y": 0.0,
                    "z": 0.0
                }
            }
        ]
    },
    "spin": {
        "name": "idle",
        "frames": [
            {
                "position": {
                    "x": 0,
                    "y": 0,
                    "z": 0
                },
                "rotation": {
                    "w": 1,
                    "x": 0,
                    "y": 0,
                    "z": 0
                },
                "time": 0
            },
            {
                "time": 0.36000001430511475,
                "position": {
                    "x": 0,
                    "y": 0,
                    "z": 0
                },
                "rotation": {
                    "y": -1,
                    "w": -8.940696716308594e-8,
                    "x": 0,
                    "z": 0
                }
            },
            {
                "time": 0.7200000286102295,
                "position": {
                    "x": 0,
                    "y": 0,
                    "z": 0
                },
                "rotation": {
                    "y": 1.7881393432617188e-7,
                    "w": -1,
                    "x": 0,
                    "z": 0
                }
            }
        ],
        "speed": 0.4000000059604645
    },
    "square": {
        "name": "idle",
        "speed": 1,
        "frames": [
            {
                "time": 0.0,
                "position": {
                    "x": 0,
                    "y": 0,
                    "z": 0
                },
                "rotation": {
                    "w": 1.0,
                    "x": 0.0,
                    "y": 0.0,
                    "z": 0.0
                }
            },
            {
                "time": 1.0,
                "position": {
                    "x": 2,
                    "y": 0,
                    "z": 0
                },
                "rotation": {
                    "w": 1.0,
                    "x": 0.0,
                    "y": 0.0,
                    "z": 0.0
                }
            },
            {
                "time": 2.0,
                "position": {
                    "x": 2,
                    "y": 0,
                    "z": 2
                },
                "rotation": {
                    "w": 1.0,
                    "x": 0.0,
                    "y": 0.0,
                    "z": 0.0
                }
            },
            {
                "time": 3.0,
                "position": {
                    "x": 0,
                    "y": 0,
                    "z": 2
                },
                "rotation": {
                    "w": 1.0,
                    "x": 0.0,
                    "y": 0.0,
                    "z": 0.0
                }
            },
            {
                "time": 4.0,
                "position": {
                    "x": 0,
                    "y": 0,
                    "z": 0
                },
                "rotation": {
                    "w": 1.0,
                    "x": 0.0,
                    "y": 0.0,
                    "z": 0.0
                }
            }
        ]
    },
    "wobble": {
        "name": "idle",
        "frames": [
            {
                "position": {
                    "x": 0,
                    "y": 0,
                    "z": 0
                },
                "rotation": {
                    "w": 1,
                    "x": 0,
                    "y": 0,
                    "z": 0
                },
                "time": 0
            },
            {
                "time": 0.10000000149011612,
                "position": {
                    "x": -0.007153691723942757,
                    "y": -0.00396764324977994,
                    "z": 0.003641433548182249
                },
                "rotation": {
                    "x": 0.18144705891609192,
                    "y": -0.023888010531663895,
                    "z": 0.14519380033016205,
                    "w": 0.9723297357559204
                }
            },
            {
                "time": 0.20000000298023224,
                "position": {
                    "x": -0.002610489260405302,
                    "y": -0.001626150100491941,
                    "z": -0.005342347081750631
                },
                "rotation": {
                    "x": 0.06526313722133636,
                    "y": -0.11303910613059998,
                    "z": 0.2566048502922058,
                    "w": 0.9576621651649475
                }
            },
            {
                "time": 0.30000001192092896,
                "position": {
                    "x": 0,
                    "y": 0,
                    "z": 0
                },
                "rotation": {
                    "w": 1,
                    "x": 0,
                    "y": 0,
                    "z": 0
                }
            }
        ],
        "speed": 0.20000000298023224
    }
}}